,Frame,Slot,Type,0,1,2,3,4,5,6,7,8,9
0,0,0,DL,0,0,0,0,0,0,0,0,0,0
1,0,0,DL,0,0,0,0,0,0,0,0,0,0
2,0,0,DL,0,0,0,0,0,0,0,0,0,0
3,0,0,DL,0,0,0,0,0,0,0,0,0,0
4,0,0,DL,0,0,0,0,0,0,0,0,0,0
5,0,0,DL,0,0,0,0,0,0,0,0,0,0
6,0,0,DL,0,0,0,0,0,0,0,0,0,0
7,0,0,DL,0,0,0,0,0,0,0,0,0,0
8,0,0,DL,0,0,0,0,0,0,0,0,0,0
9,0,0,DL,0,0,0,0,0,0,0,0,0,0
10,0,0,DL,0,0,0,0,0,0,0,0,0,0
11,0,0,DL,0,0,0,0,0,0,0,0,0,0
12,0,0,DL,0,0,0,0,0,0,0,0,0,0
13,0,0,DL,0,0,0,0,0,0,0,0,0,0
14,0,1,DL,1,2,3,4,1,2,3,4,1,2
15,0,1,DL,1,2,3,4,1,2,3,4,1,2
16,0,1,DL,1,2,3,4,1,2,3,4,1,2
17,0,1,DL,1,2,3,4,1,2,3,4,1,2
18,0,1,DL,3,4,1,2,3,4,1,2,3,4
19,0,1,DL,3,4,1,2,3,4,1,2,3,4
20,0,1,DL,3,4,1,2,3,4,1,2,3,4
21,0,1,DL,3,4,1,2,3,4,1,2,3,4
22,0,1,DL,1,2,3,4,1,2,3,4,1,2
23,0,1,DL,1,2,3,4,1,2,3,4,1,2
24,0,1,DL,1,2,3,4,1,2,3,4,1,2
25,0,1,DL,1,2,3,4,1,2,3,4,1,2
26,0,1,DL,3,4,1,2,3,4,1,2,3,4
27,0,1,DL,3,4,1,2,3,4,1,2,3,4
28,0,2,DL,1,2,3,4,1,2,3,4,1,2
29,0,2,DL,1,2,3,4,1,2,3,4,1,2
30,0,2,DL,1,2,3,4,1,2,3,4,1,2
31,0,2,DL,1,2,3,4,1,2,3,4,1,2
32,0,2,DL,3,4,1,2,3,4,1,2,3,4
33,0,2,DL,3,4,1,2,3,4,1,2,3,4
34,0,2,DL,3,4,1,2,3,4,1,2,3,4
35,0,2,DL,3,4,1,2,3,4,1,2,3,4
36,0,2,G,0,0,0,0,0,0,0,0,0,0
37,0,2,G,0,0,0,0,0,0,0,0,0,0
38,0,2,UL,0,0,0,0,0,0,0,0,0,0
39,0,2,UL,0,0,0,0,0,0,0,0,0,0
40,0,2,UL,0,0,0,0,0,0,0,0,0,0
41,0,2,UL,0,0,0,0,0,0,0,0,0,0
42,0,3,UL,0,0,0,0,0,0,0,0,0,0
43,0,3,UL,0,0,0,0,0,0,0,0,0,0
44,0,3,UL,0,0,0,0,0,0,0,0,0,0
45,0,3,UL,0,0,0,0,0,0,0,0,0,0
46,0,3,UL,0,0,0,0,0,0,0,0,0,0
47,0,3,UL,0,0,0,0,0,0,0,0,0,0
48,0,3,UL,0,0,0,0,0,0,0,0,0,0
49,0,3,UL,0,0,0,0,0,0,0,0,0,0
50,0,3,UL,0,0,0,0,0,0,0,0,0,0
51,0,3,UL,0,0,0,0,0,0,0,0,0,0
52,0,3,UL,0,0,0,0,0,0,0,0,0,0
53,0,3,UL,0,0,0,0,0,0,0,0,0,0
54,0,3,UL,0,0,0,0,0,0,0,0,0,0
55,0,3,UL,0,0,0,0,0,0,0,0,0,0
56,0,4,UL,0,0,0,0,0,0,0,0,0,0
57,0,4,UL,0,0,0,0,0,0,0,0,0,0
58,0,4,UL,0,0,0,0,0,0,0,0,0,0
59,0,4,UL,0,0,0,0,0,0,0,0,0,0
60,0,4,UL,0,0,0,0,0,0,0,0,0,0
61,0,4,UL,0,0,0,0,0,0,0,0,0,0
62,0,4,UL,0,0,0,0,0,0,0,0,0,0
63,0,4,UL,0,0,0,0,0,0,0,0,0,0
64,0,4,UL,0,0,0,0,0,0,0,0,0,0
65,0,4,UL,0,0,0,0,0,0,0,0,0,0
66,0,4,UL,0,0,0,0,0,0,0,0,0,0
67,0,4,UL,0,0,0,0,0,0,0,0,0,0
68,0,4,UL,0,0,0,0,0,0,0,0,0,0
69,0,4,UL,0,0,0,0,0,0,0,0,0,0
70,0,5,DL,1,2,3,4,1,2,3,4,1,2
71,0,5,DL,1,2,3,4,1,2,3,4,1,2
72,0,5,DL,1,2,3,4,1,2,3,4,1,2
73,0,5,DL,1,2,3,4,1,2,3,4,1,2
74,0,5,DL,3,4,1,2,3,4,1,2,3,4
75,0,5,DL,3,4,1,2,3,4,1,2,3,4
76,0,5,DL,3,4,1,2,3,4,1,2,3,4
77,0,5,DL,3,4,1,2,3,4,1,2,3,4
78,0,5,DL,1,2,3,4,1,2,3,4,1,2
79,0,5,DL,1,2,3,4,1,2,3,4,1,2
80,0,5,DL,1,2,3,4,1,2,3,4,1,2
81,0,5,DL,1,2,3,4,1,2,3,4,1,2
82,0,5,DL,3,4,1,2,3,4,1,2,3,4
83,0,5,DL,3,4,1,2,3,4,1,2,3,4
84,0,6,DL,2,1,3,4,0,0,0,0,0,0
85,0,6,DL,2,1,3,4,0,0,0,0,0,0
86,0,6,DL,2,1,3,4,0,0,0,0,0,0
87,0,6,DL,2,1,3,4,0,0,0,0,0,0
88,0,6,DL,3,4,1,2,0,0,0,0,0,0
89,0,6,DL,3,4,1,2,0,0,0,0,0,0
90,0,6,DL,3,4,1,2,0,0,0,0,0,0
91,0,6,DL,3,4,1,2,0,0,0,0,0,0
92,0,6,DL,1,2,3,4,1,2,3,4,1,2
93,0,6,DL,1,2,3,4,1,2,3,4,1,2
94,0,6,DL,1,2,3,4,1,2,3,4,1,2
95,0,6,DL,1,2,3,4,1,2,3,4,1,2
96,0,6,DL,3,4,1,2,3,4,1,2,3,4
97,0,6,DL,3,4,1,2,3,4,1,2,3,4
98,0,7,DL,1,2,3,4,1,2,3,4,1,2
99,0,7,DL,1,2,3,4,1,2,3,4,1,2
100,0,7,DL,1,2,3,4,1,2,3,4,1,2
101,0,7,DL,1,2,3,4,1,2,3,4,1,2
102,0,7,DL,3,4,1,2,3,4,1,2,3,4
103,0,7,DL,3,4,1,2,3,4,1,2,3,4
104,0,7,DL,3,4,1,2,3,4,1,2,3,4
105,0,7,DL,3,4,1,2,3,4,1,2,3,4
106,0,7,G,0,0,0,0,0,0,0,0,0,0
107,0,7,G,0,0,0,0,0,0,0,0,0,0
108,0,7,UL,1,2,3,4,1,2,3,4,1,2
109,0,7,UL,1,2,3,4,1,2,3,4,1,2
110,0,7,UL,1,2,3,4,1,2,3,4,1,2
111,0,7,UL,1,2,3,4,1,2,3,4,1,2
112,0,8,UL,3,4,1,2,3,4,1,2,3,4
113,0,8,UL,3,4,1,2,3,4,1,2,3,4
114,0,8,UL,3,4,1,2,3,4,1,2,3,4
115,0,8,UL,3,4,1,2,3,4,1,2,3,4
116,0,8,UL,1,2,3,4,1,2,3,4,1,2
117,0,8,UL,1,2,3,4,1,2,3,4,1,2
118,0,8,UL,1,2,3,4,1,2,3,4,1,2
119,0,8,UL,1,2,3,4,1,2,3,4,1,2
120,0,8,UL,3,4,1,2,3,4,1,2,3,4
121,0,8,UL,3,4,1,2,3,4,1,2,3,4
122,0,8,UL,3,4,1,2,3,4,1,2,3,4
123,0,8,UL,3,4,1,2,3,4,1,2,3,4
124,0,8,UL,1,2,3,4,1,2,3,4,1,2
125,0,8,UL,1,2,3,4,1,2,3,4,1,2
126,0,9,UL,3,4,1,2,3,4,1,2,3,4
127,0,9,UL,3,4,1,2,3,4,1,2,3,4
128,0,9,UL,3,4,1,2,3,4,1,2,3,4
129,0,9,UL,3,4,1,2,3,4,1,2,3,4
130,0,9,UL,1,2,3,4,1,2,3,4,1,2
131,0,9,UL,1,2,3,4,1,2,3,4,1,2
132,0,9,UL,1,2,3,4,1,2,3,4,1,2
133,0,9,UL,1,2,3,4,1,2,3,4,1,2
134,0,9,UL,3,4,1,2,3,4,1,2,3,4
135,0,9,UL,3,4,1,2,3,4,1,2,3,4
136,0,9,UL,3,4,1,2,3,4,1,2,3,4
137,0,9,UL,3,4,1,2,3,4,1,2,3,4
138,0,9,UL,1,2,3,4,1,2,3,4,1,2
139,0,9,UL,1,2,3,4,1,2,3,4,1,2
140,1,0,DL,1,2,3,4,1,2,3,4,1,2
141,1,0,DL,1,2,3,4,1,2,3,4,1,2
142,1,0,DL,1,2,3,4,1,2,3,4,1,2
143,1,0,DL,1,2,3,4,1,2,3,4,1,2
144,1,0,DL,3,4,1,2,3,4,1,2,3,4
145,1,0,DL,3,4,1,2,3,4,1,2,3,4
146,1,0,DL,3,4,1,2,3,4,1,2,3,4
147,1,0,DL,3,4,1,2,3,4,1,2,3,4
148,1,0,DL,1,2,3,4,1,2,3,4,1,2
149,1,0,DL,1,2,3,4,1,2,3,4,1,2
150,1,0,DL,1,2,3,4,1,2,3,4,1,2
151,1,0,DL,1,2,3,4,1,2,3,4,1,2
152,1,0,DL,3,4,1,2,3,4,1,2,3,4
153,1,0,DL,3,4,1,2,3,4,1,2,3,4
154,1,1,DL,1,2,4,3,0,0,0,0,0,0
155,1,1,DL,1,2,4,3,0,0,0,0,0,0
156,1,1,DL,1,2,4,3,0,0,0,0,0,0
157,1,1,DL,1,2,4,3,0,0,0,0,0,0
158,1,1,DL,3,1,4,2,0,0,0,0,0,0
159,1,1,DL,3,1,4,2,0,0,0,0,0,0
160,1,1,DL,3,1,4,2,0,0,0,0,0,0
161,1,1,DL,3,1,4,2,0,0,0,0,0,0
162,1,1,DL,1,3,4,2,0,0,0,0,0,0
163,1,1,DL,1,3,4,2,0,0,0,0,0,0
164,1,1,DL,1,3,4,2,0,0,0,0,0,0
165,1,1,DL,1,3,4,2,0,0,0,0,0,0
166,1,1,DL,1,2,3,4,1,2,3,4,1,2
167,1,1,DL,1,2,3,4,1,2,3,4,1,2
168,1,2,DL,3,4,1,2,3,4,1,2,3,4
169,1,2,DL,3,4,1,2,3,4,1,2,3,4
170,1,2,DL,3,4,1,2,3,4,1,2,3,4
171,1,2,DL,3,4,1,2,3,4,1,2,3,4
172,1,2,DL,1,2,3,4,1,2,3,4,1,2
173,1,2,DL,1,2,3,4,1,2,3,4,1,2
174,1,2,DL,1,2,3,4,1,2,3,4,1,2
175,1,2,DL,1,2,3,4,1,2,3,4,1,2
176,1,2,G,0,0,0,0,0,0,0,0,0,0
177,1,2,G,0,0,0,0,0,0,0,0,0,0
178,1,2,UL,4,4,3,3,2,1,0,0,0,0
179,1,2,UL,4,4,3,3,2,1,0,0,0,0
180,1,2,UL,4,4,3,3,2,1,0,0,0,0
181,1,2,UL,4,4,3,3,2,1,0,0,0,0
182,1,3,UL,1,4,4,2,3,3,0,0,0,0
183,1,3,UL,1,4,4,2,3,3,0,0,0,0
184,1,3,UL,1,4,4,2,3,3,0,0,0,0
185,1,3,UL,1,4,4,2,3,3,0,0,0,0
186,1,3,UL,3,4,1,2,3,4,1,2,3,4
187,1,3,UL,3,4,1,2,3,4,1,2,3,4
188,1,3,UL,3,4,1,2,3,4,1,2,3,4
189,1,3,UL,3,4,1,2,3,4,1,2,3,4
190,1,3,UL,1,2,3,4,1,2,3,4,1,2
191,1,3,UL,1,2,3,4,1,2,3,4,1,2
192,1,3,UL,1,2,3,4,1,2,3,4,1,2
193,1,3,UL,1,2,3,4,1,2,3,4,1,2
194,1,3,UL,3,4,1,2,3,4,1,2,3,4
195,1,3,UL,3,4,1,2,3,4,1,2,3,4
196,1,4,UL,1,2,3,4,1,2,3,4,1,2
197,1,4,UL,1,2,3,4,1,2,3,4,1,2
198,1,4,UL,1,2,3,4,1,2,3,4,1,2
199,1,4,UL,1,2,3,4,1,2,3,4,1,2
200,1,4,UL,3,4,1,2,3,4,1,2,3,4
201,1,4,UL,3,4,1,2,3,4,1,2,3,4
202,1,4,UL,3,4,1,2,3,4,1,2,3,4
203,1,4,UL,3,4,1,2,3,4,1,2,3,4
204,1,4,UL,1,2,3,4,1,2,3,4,1,2
205,1,4,UL,1,2,3,4,1,2,3,4,1,2
206,1,4,UL,1,2,3,4,1,2,3,4,1,2
207,1,4,UL,1,2,3,4,1,2,3,4,1,2
208,1,4,UL,3,4,1,2,3,4,1,2,3,4
209,1,4,UL,3,4,1,2,3,4,1,2,3,4
210,1,5,DL,3,4,1,2,3,4,1,2,3,4
211,1,5,DL,3,4,1,2,3,4,1,2,3,4
212,1,5,DL,3,4,1,2,3,4,1,2,3,4
213,1,5,DL,3,4,1,2,3,4,1,2,3,4
214,1,5,DL,1,2,3,4,1,2,3,4,1,2
215,1,5,DL,1,2,3,4,1,2,3,4,1,2
216,1,5,DL,1,2,3,4,1,2,3,4,1,2
217,1,5,DL,1,2,3,4,1,2,3,4,1,2
218,1,5,DL,3,4,1,2,3,4,1,2,3,4
219,1,5,DL,3,4,1,2,3,4,1,2,3,4
220,1,5,DL,3,4,1,2,3,4,1,2,3,4
221,1,5,DL,3,4,1,2,3,4,1,2,3,4
222,1,5,DL,1,2,3,4,1,2,3,4,1,2
223,1,5,DL,1,2,3,4,1,2,3,4,1,2
224,1,6,DL,4,1,2,3,0,0,0,0,0,0
225,1,6,DL,4,1,2,3,0,0,0,0,0,0
226,1,6,DL,4,1,2,3,0,0,0,0,0,0
227,1,6,DL,4,1,2,3,0,0,0,0,0,0
228,1,6,DL,1,4,3,2,0,0,0,0,0,0
229,1,6,DL,1,4,3,2,0,0,0,0,0,0
230,1,6,DL,1,4,3,2,0,0,0,0,0,0
231,1,6,DL,1,4,3,2,0,0,0,0,0,0
232,1,6,DL,1,4,2,3,0,0,0,0,0,0
233,1,6,DL,1,4,2,3,0,0,0,0,0,0
234,1,6,DL,1,4,2,3,0,0,0,0,0,0
235,1,6,DL,1,4,2,3,0,0,0,0,0,0
236,1,6,DL,1,1,1,3,3,2,2,4,4,4
237,1,6,DL,1,1,1,3,3,2,2,4,4,4
238,1,7,DL,1,2,3,4,1,2,3,4,1,2
239,1,7,DL,1,2,3,4,1,2,3,4,1,2
240,1,7,DL,1,2,3,4,1,2,3,4,1,2
241,1,7,DL,1,2,3,4,1,2,3,4,1,2
242,1,7,DL,3,4,1,2,3,4,1,2,3,4
243,1,7,DL,3,4,1,2,3,4,1,2,3,4
244,1,7,DL,3,4,1,2,3,4,1,2,3,4
245,1,7,DL,3,4,1,2,3,4,1,2,3,4
246,1,7,G,0,0,0,0,0,0,0,0,0,0
247,1,7,G,0,0,0,0,0,0,0,0,0,0
248,1,7,UL,1,4,4,3,3,2,0,0,0,0
249,1,7,UL,1,4,4,3,3,2,0,0,0,0
250,1,7,UL,1,4,4,3,3,2,0,0,0,0
251,1,7,UL,1,4,4,3,3,2,0,0,0,0
252,1,8,UL,1,1,2,2,4,3,0,0,0,0
253,1,8,UL,1,1,2,2,4,3,0,0,0,0
254,1,8,UL,1,1,2,2,4,3,0,0,0,0
255,1,8,UL,1,1,2,2,4,3,0,0,0,0
256,1,8,UL,1,2,3,4,1,2,3,4,1,2
257,1,8,UL,1,2,3,4,1,2,3,4,1,2
258,1,8,UL,1,2,3,4,1,2,3,4,1,2
259,1,8,UL,1,2,3,4,1,2,3,4,1,2
260,1,8,UL,3,4,1,2,3,4,1,2,3,4
261,1,8,UL,3,4,1,2,3,4,1,2,3,4
262,1,8,UL,3,4,1,2,3,4,1,2,3,4
263,1,8,UL,3,4,1,2,3,4,1,2,3,4
264,1,8,UL,1,2,3,4,1,2,3,4,1,2
265,1,8,UL,1,2,3,4,1,2,3,4,1,2
266,1,9,UL,3,4,1,2,3,4,1,2,3,4
267,1,9,UL,3,4,1,2,3,4,1,2,3,4
268,1,9,UL,3,4,1,2,3,4,1,2,3,4
269,1,9,UL,3,4,1,2,3,4,1,2,3,4
270,1,9,UL,1,2,3,4,1,2,3,4,1,2
271,1,9,UL,1,2,3,4,1,2,3,4,1,2
272,1,9,UL,1,2,3,4,1,2,3,4,1,2
273,1,9,UL,1,2,3,4,1,2,3,4,1,2
274,1,9,UL,3,4,1,2,3,4,1,2,3,4
275,1,9,UL,3,4,1,2,3,4,1,2,3,4
276,1,9,UL,3,4,1,2,3,4,1,2,3,4
277,1,9,UL,3,4,1,2,3,4,1,2,3,4
278,1,9,UL,1,2,3,4,1,2,3,4,1,2
279,1,9,UL,1,2,3,4,1,2,3,4,1,2
280,2,0,DL,1,2,3,4,1,2,3,4,1,2
281,2,0,DL,1,2,3,4,1,2,3,4,1,2
282,2,0,DL,1,2,3,4,1,2,3,4,1,2
283,2,0,DL,1,2,3,4,1,2,3,4,1,2
284,2,0,DL,3,4,1,2,3,4,1,2,3,4
285,2,0,DL,3,4,1,2,3,4,1,2,3,4
286,2,0,DL,3,4,1,2,3,4,1,2,3,4
287,2,0,DL,3,4,1,2,3,4,1,2,3,4
288,2,0,DL,1,2,3,4,1,2,3,4,1,2
289,2,0,DL,1,2,3,4,1,2,3,4,1,2
290,2,0,DL,1,2,3,4,1,2,3,4,1,2
291,2,0,DL,1,2,3,4,1,2,3,4,1,2
292,2,0,DL,3,4,1,2,3,4,1,2,3,4
293,2,0,DL,3,4,1,2,3,4,1,2,3,4
294,2,1,DL,4,2,1,3,0,0,0,0,0,0
295,2,1,DL,4,2,1,3,0,0,0,0,0,0
296,2,1,DL,4,2,1,3,0,0,0,0,0,0
297,2,1,DL,4,2,1,3,0,0,0,0,0,0
298,2,1,DL,4,1,2,3,0,0,0,0,0,0
299,2,1,DL,4,1,2,3,0,0,0,0,0,0
300,2,1,DL,4,1,2,3,0,0,0,0,0,0
301,2,1,DL,4,1,2,3,0,0,0,0,0,0
302,2,1,DL,1,2,4,3,0,0,0,0,0,0
303,2,1,DL,1,2,4,3,0,0,0,0,0,0
304,2,1,DL,1,2,4,3,0,0,0,0,0,0
305,2,1,DL,1,2,4,3,0,0,0,0,0,0
306,2,1,DL,3,3,3,1,2,4,1,2,4,1
307,2,1,DL,3,3,3,1,2,4,1,2,4,1
308,2,2,DL,2,3,4,1,2,3,4,1,2,3
309,2,2,DL,2,3,4,1,2,3,4,1,2,3
310,2,2,DL,2,3,4,1,2,3,4,1,2,3
311,2,2,DL,2,3,4,1,2,3,4,1,2,3
312,2,2,DL,4,1,2,3,4,1,2,3,4,1
313,2,2,DL,4,1,2,3,4,1,2,3,4,1
314,2,2,DL,4,1,2,3,4,1,2,3,4,1
315,2,2,DL,4,1,2,3,4,1,2,3,4,1
316,2,2,G,0,0,0,0,0,0,0,0,0,0
317,2,2,G,0,0,0,0,0,0,0,0,0,0
318,2,2,UL,1,3,3,4,2,2,0,0,0,0
319,2,2,UL,1,3,3,4,2,2,0,0,0,0
320,2,2,UL,1,3,3,4,2,2,0,0,0,0
321,2,2,UL,1,3,3,4,2,2,0,0,0,0
322,2,3,UL,3,3,1,1,4,4,2,0,0,0
323,2,3,UL,3,3,1,1,4,4,2,0,0,0
324,2,3,UL,3,3,1,1,4,4,2,0,0,0
325,2,3,UL,3,3,1,1,4,4,2,0,0,0
326,2,3,UL,3,1,4,4,2,0,0,0,0,0
327,2,3,UL,3,1,4,4,2,0,0,0,0,0
328,2,3,UL,3,1,4,4,2,0,0,0,0,0
329,2,3,UL,3,1,4,4,2,0,0,0,0,0
330,2,3,UL,3,4,1,2,3,4,1,2,3,4
331,2,3,UL,3,4,1,2,3,4,1,2,3,4
332,2,3,UL,3,4,1,2,3,4,1,2,3,4
333,2,3,UL,3,4,1,2,3,4,1,2,3,4
334,2,3,UL,1,2,3,4,1,2,3,4,1,2
335,2,3,UL,1,2,3,4,1,2,3,4,1,2
336,2,4,UL,3,4,1,2,3,4,1,2,3,4
337,2,4,UL,3,4,1,2,3,4,1,2,3,4
338,2,4,UL,3,4,1,2,3,4,1,2,3,4
339,2,4,UL,3,4,1,2,3,4,1,2,3,4
340,2,4,UL,1,2,3,4,1,2,3,4,1,2
341,2,4,UL,1,2,3,4,1,2,3,4,1,2
342,2,4,UL,1,2,3,4,1,2,3,4,1,2
343,2,4,UL,1,2,3,4,1,2,3,4,1,2
344,2,4,UL,3,4,1,2,3,4,1,2,3,4
345,2,4,UL,3,4,1,2,3,4,1,2,3,4
346,2,4,UL,3,4,1,2,3,4,1,2,3,4
347,2,4,UL,3,4,1,2,3,4,1,2,3,4
348,2,4,UL,1,2,3,4,1,2,3,4,1,2
349,2,4,UL,1,2,3,4,1,2,3,4,1,2
350,2,5,DL,2,3,4,1,2,3,4,1,2,3
351,2,5,DL,2,3,4,1,2,3,4,1,2,3
352,2,5,DL,2,3,4,1,2,3,4,1,2,3
353,2,5,DL,2,3,4,1,2,3,4,1,2,3
354,2,5,DL,4,1,2,3,4,1,2,3,4,1
355,2,5,DL,4,1,2,3,4,1,2,3,4,1
356,2,5,DL,4,1,2,3,4,1,2,3,4,1
357,2,5,DL,4,1,2,3,4,1,2,3,4,1
358,2,5,DL,2,3,4,1,2,3,4,1,2,3
359,2,5,DL,2,3,4,1,2,3,4,1,2,3
360,2,5,DL,2,3,4,1,2,3,4,1,2,3
361,2,5,DL,2,3,4,1,2,3,4,1,2,3
362,2,5,DL,4,1,2,3,4,1,2,3,4,1
363,2,5,DL,4,1,2,3,4,1,2,3,4,1
364,2,6,DL,3,4,1,2,0,0,0,0,0,0
365,2,6,DL,3,4,1,2,0,0,0,0,0,0
366,2,6,DL,3,4,1,2,0,0,0,0,0,0
367,2,6,DL,3,4,1,2,0,0,0,0,0,0
368,2,6,DL,1,3,4,2,0,0,0,0,0,0
369,2,6,DL,1,3,4,2,0,0,0,0,0,0
370,2,6,DL,1,3,4,2,0,0,0,0,0,0
371,2,6,DL,1,3,4,2,0,0,0,0,0,0
372,2,6,DL,3,2,4,1,1,1,1,1,1,1
373,2,6,DL,3,2,4,1,1,1,1,1,1,1
374,2,6,DL,3,2,4,1,1,1,1,1,1,1
375,2,6,DL,3,2,4,1,1,1,1,1,1,1
376,2,6,DL,4,4,2,3,1,2,3,1,2,3
377,2,6,DL,4,4,2,3,1,2,3,1,2,3
378,2,7,DL,4,1,2,3,4,1,2,3,4,1
379,2,7,DL,4,1,2,3,4,1,2,3,4,1
380,2,7,DL,4,1,2,3,4,1,2,3,4,1
381,2,7,DL,4,1,2,3,4,1,2,3,4,1
382,2,7,DL,2,3,4,1,2,3,4,1,2,3
383,2,7,DL,2,3,4,1,2,3,4,1,2,3
384,2,7,DL,2,3,4,1,2,3,4,1,2,3
385,2,7,DL,2,3,4,1,2,3,4,1,2,3
386,2,7,G,0,0,0,0,0,0,0,0,0,0
387,2,7,G,0,0,0,0,0,0,0,0,0,0
388,2,7,UL,4,4,3,2,1,1,0,0,0,0
389,2,7,UL,4,4,3,2,1,1,0,0,0,0
390,2,7,UL,4,4,3,2,1,1,0,0,0,0
391,2,7,UL,4,4,3,2,1,1,0,0,0,0
392,2,8,UL,1,4,3,3,2,0,0,0,0,0
393,2,8,UL,1,4,3,3,2,0,0,0,0,0
394,2,8,UL,1,4,3,3,2,0,0,0,0,0
395,2,8,UL,1,4,3,3,2,0,0,0,0,0
396,2,8,UL,3,3,2,2,4,4,1,1,1,1
397,2,8,UL,3,3,2,2,4,4,1,1,1,1
398,2,8,UL,3,3,2,2,4,4,1,1,1,1
399,2,8,UL,3,3,2,2,4,4,1,1,1,1
400,2,8,UL,2,3,4,1,2,3,4,1,2,3
401,2,8,UL,2,3,4,1,2,3,4,1,2,3
402,2,8,UL,2,3,4,1,2,3,4,1,2,3
403,2,8,UL,2,3,4,1,2,3,4,1,2,3
404,2,8,UL,4,1,2,3,4,1,2,3,4,1
405,2,8,UL,4,1,2,3,4,1,2,3,4,1
406,2,9,UL,2,3,4,1,2,3,4,1,2,3
407,2,9,UL,2,3,4,1,2,3,4,1,2,3
408,2,9,UL,2,3,4,1,2,3,4,1,2,3
409,2,9,UL,2,3,4,1,2,3,4,1,2,3
410,2,9,UL,4,1,2,3,4,1,2,3,4,1
411,2,9,UL,4,1,2,3,4,1,2,3,4,1
412,2,9,UL,4,1,2,3,4,1,2,3,4,1
413,2,9,UL,4,1,2,3,4,1,2,3,4,1
414,2,9,UL,2,3,4,1,2,3,4,1,2,3
415,2,9,UL,2,3,4,1,2,3,4,1,2,3
416,2,9,UL,2,3,4,1,2,3,4,1,2,3
417,2,9,UL,2,3,4,1,2,3,4,1,2,3
418,2,9,UL,4,1,2,3,4,1,2,3,4,1
419,2,9,UL,4,1,2,3,4,1,2,3,4,1
420,3,0,DL,4,1,2,3,4,1,2,3,4,1
421,3,0,DL,4,1,2,3,4,1,2,3,4,1
422,3,0,DL,4,1,2,3,4,1,2,3,4,1
423,3,0,DL,4,1,2,3,4,1,2,3,4,1
424,3,0,DL,2,3,4,1,2,3,4,1,2,3
425,3,0,DL,2,3,4,1,2,3,4,1,2,3
426,3,0,DL,2,3,4,1,2,3,4,1,2,3
427,3,0,DL,2,3,4,1,2,3,4,1,2,3
428,3,0,DL,4,1,2,3,4,1,2,3,4,1
429,3,0,DL,4,1,2,3,4,1,2,3,4,1
430,3,0,DL,4,1,2,3,4,1,2,3,4,1
431,3,0,DL,4,1,2,3,4,1,2,3,4,1
432,3,0,DL,2,3,4,1,2,3,4,1,2,3
433,3,0,DL,2,3,4,1,2,3,4,1,2,3
434,3,1,DL,2,3,4,1,0,0,0,0,0,0
435,3,1,DL,2,3,4,1,0,0,0,0,0,0
436,3,1,DL,2,3,4,1,0,0,0,0,0,0
437,3,1,DL,2,3,4,1,0,0,0,0,0,0
438,3,1,DL,3,2,1,4,0,0,0,0,0,0
439,3,1,DL,3,2,1,4,0,0,0,0,0,0
440,3,1,DL,3,2,1,4,0,0,0,0,0,0
441,3,1,DL,3,2,1,4,0,0,0,0,0,0
442,3,1,DL,3,4,1,2,0,0,0,0,0,0
443,3,1,DL,3,4,1,2,0,0,0,0,0,0
444,3,1,DL,3,4,1,2,0,0,0,0,0,0
445,3,1,DL,3,4,1,2,0,0,0,0,0,0
446,3,1,DL,4,1,2,3,4,1,2,3,4,1
447,3,1,DL,4,1,2,3,4,1,2,3,4,1
448,3,2,DL,2,3,4,1,2,3,4,1,2,3
449,3,2,DL,2,3,4,1,2,3,4,1,2,3
450,3,2,DL,2,3,4,1,2,3,4,1,2,3
451,3,2,DL,2,3,4,1,2,3,4,1,2,3
452,3,2,DL,4,1,2,3,4,1,2,3,4,1
453,3,2,DL,4,1,2,3,4,1,2,3,4,1
454,3,2,DL,4,1,2,3,4,1,2,3,4,1
455,3,2,DL,4,1,2,3,4,1,2,3,4,1
456,3,2,G,0,0,0,0,0,0,0,0,0,0
457,3,2,G,0,0,0,0,0,0,0,0,0,0
458,3,2,UL,2,2,3,3,1,4,4,0,0,0
459,3,2,UL,2,2,3,3,1,4,4,0,0,0
460,3,2,UL,2,2,3,3,1,4,4,0,0,0
461,3,2,UL,2,2,3,3,1,4,4,0,0,0
462,3,3,UL,4,3,3,2,1,0,0,0,0,0
463,3,3,UL,4,3,3,2,1,0,0,0,0,0
464,3,3,UL,4,3,3,2,1,0,0,0,0,0
465,3,3,UL,4,3,3,2,1,0,0,0,0,0
466,3,3,UL,3,3,2,4,1,2,4,1,2,4
467,3,3,UL,3,3,2,4,1,2,4,1,2,4
468,3,3,UL,3,3,2,4,1,2,4,1,2,4
469,3,3,UL,3,3,2,4,1,2,4,1,2,4
470,3,3,UL,1,2,3,4,1,2,3,4,1,2
471,3,3,UL,1,2,3,4,1,2,3,4,1,2
472,3,3,UL,1,2,3,4,1,2,3,4,1,2
473,3,3,UL,1,2,3,4,1,2,3,4,1,2
474,3,3,UL,3,4,1,2,3,4,1,2,3,4
475,3,3,UL,3,4,1,2,3,4,1,2,3,4
476,3,4,UL,1,2,3,4,1,2,3,4,1,2
477,3,4,UL,1,2,3,4,1,2,3,4,1,2
478,3,4,UL,1,2,3,4,1,2,3,4,1,2
479,3,4,UL,1,2,3,4,1,2,3,4,1,2
480,3,4,UL,3,4,1,2,3,4,1,2,3,4
481,3,4,UL,3,4,1,2,3,4,1,2,3,4
482,3,4,UL,3,4,1,2,3,4,1,2,3,4
483,3,4,UL,3,4,1,2,3,4,1,2,3,4
484,3,4,UL,1,2,3,4,1,2,3,4,1,2
485,3,4,UL,1,2,3,4,1,2,3,4,1,2
486,3,4,UL,1,2,3,4,1,2,3,4,1,2
487,3,4,UL,1,2,3,4,1,2,3,4,1,2
488,3,4,UL,3,4,1,2,3,4,1,2,3,4
489,3,4,UL,3,4,1,2,3,4,1,2,3,4
490,3,5,DL,2,3,4,1,2,3,4,1,2,3
491,3,5,DL,2,3,4,1,2,3,4,1,2,3
492,3,5,DL,2,3,4,1,2,3,4,1,2,3
493,3,5,DL,2,3,4,1,2,3,4,1,2,3
494,3,5,DL,4,1,2,3,4,1,2,3,4,1
495,3,5,DL,4,1,2,3,4,1,2,3,4,1
496,3,5,DL,4,1,2,3,4,1,2,3,4,1
497,3,5,DL,4,1,2,3,4,1,2,3,4,1
498,3,5,DL,2,3,4,1,2,3,4,1,2,3
499,3,5,DL,2,3,4,1,2,3,4,1,2,3
500,3,5,DL,2,3,4,1,2,3,4,1,2,3
501,3,5,DL,2,3,4,1,2,3,4,1,2,3
502,3,5,DL,4,1,2,3,4,1,2,3,4,1
503,3,5,DL,4,1,2,3,4,1,2,3,4,1
504,3,6,DL,2,3,1,4,0,0,0,0,0,0
505,3,6,DL,2,3,1,4,0,0,0,0,0,0
506,3,6,DL,2,3,1,4,0,0,0,0,0,0
507,3,6,DL,2,3,1,4,0,0,0,0,0,0
508,3,6,DL,2,1,4,3,0,0,0,0,0,0
509,3,6,DL,2,1,4,3,0,0,0,0,0,0
510,3,6,DL,2,1,4,3,0,0,0,0,0,0
511,3,6,DL,2,1,4,3,0,0,0,0,0,0
512,3,6,DL,4,1,3,2,2,2,2,2,2,2
513,3,6,DL,4,1,3,2,2,2,2,2,2,2
514,3,6,DL,4,1,3,2,2,2,2,2,2,2
515,3,6,DL,4,1,3,2,2,2,2,2,2,2
516,3,6,DL,3,3,3,1,1,4,2,4,2,4
517,3,6,DL,3,3,3,1,1,4,2,4,2,4
518,3,7,DL,1,2,3,4,1,2,3,4,1,2
519,3,7,DL,1,2,3,4,1,2,3,4,1,2
520,3,7,DL,1,2,3,4,1,2,3,4,1,2
521,3,7,DL,1,2,3,4,1,2,3,4,1,2
522,3,7,DL,3,4,1,2,3,4,1,2,3,4
523,3,7,DL,3,4,1,2,3,4,1,2,3,4
524,3,7,DL,3,4,1,2,3,4,1,2,3,4
525,3,7,DL,3,4,1,2,3,4,1,2,3,4
526,3,7,G,0,0,0,0,0,0,0,0,0,0
527,3,7,G,0,0,0,0,0,0,0,0,0,0
528,3,7,UL,2,2,4,1,3,0,0,0,0,0
529,3,7,UL,2,2,4,1,3,0,0,0,0,0
530,3,7,UL,2,2,4,1,3,0,0,0,0,0
531,3,7,UL,2,2,4,1,3,0,0,0,0,0
532,3,8,UL,4,3,3,1,1,2,2,2,2,2
533,3,8,UL,4,3,3,1,1,2,2,2,2,2
534,3,8,UL,4,3,3,1,1,2,2,2,2,2
535,3,8,UL,4,3,3,1,1,2,2,2,2,2
536,3,8,UL,1,3,4,2,3,4,2,3,4,2
537,3,8,UL,1,3,4,2,3,4,2,3,4,2
538,3,8,UL,1,3,4,2,3,4,2,3,4,2
539,3,8,UL,1,3,4,2,3,4,2,3,4,2
540,3,8,UL,3,4,1,2,3,4,1,2,3,4
541,3,8,UL,3,4,1,2,3,4,1,2,3,4
542,3,8,UL,3,4,1,2,3,4,1,2,3,4
543,3,8,UL,3,4,1,2,3,4,1,2,3,4
544,3,8,UL,1,2,3,4,1,2,3,4,1,2
545,3,8,UL,1,2,3,4,1,2,3,4,1,2
546,3,9,UL,3,4,1,2,3,4,1,2,3,4
547,3,9,UL,3,4,1,2,3,4,1,2,3,4
548,3,9,UL,3,4,1,2,3,4,1,2,3,4
549,3,9,UL,3,4,1,2,3,4,1,2,3,4
550,3,9,UL,1,2,3,4,1,2,3,4,1,2
551,3,9,UL,1,2,3,4,1,2,3,4,1,2
552,3,9,UL,1,2,3,4,1,2,3,4,1,2
553,3,9,UL,1,2,3,4,1,2,3,4,1,2
554,3,9,UL,3,4,1,2,3,4,1,2,3,4
555,3,9,UL,3,4,1,2,3,4,1,2,3,4
556,3,9,UL,3,4,1,2,3,4,1,2,3,4
557,3,9,UL,3,4,1,2,3,4,1,2,3,4
558,3,9,UL,1,2,3,4,1,2,3,4,1,2
559,3,9,UL,1,2,3,4,1,2,3,4,1,2
560,4,0,DL,1,2,3,4,1,2,3,4,1,2
561,4,0,DL,1,2,3,4,1,2,3,4,1,2
562,4,0,DL,1,2,3,4,1,2,3,4,1,2
563,4,0,DL,1,2,3,4,1,2,3,4,1,2
564,4,0,DL,3,4,1,2,3,4,1,2,3,4
565,4,0,DL,3,4,1,2,3,4,1,2,3,4
566,4,0,DL,3,4,1,2,3,4,1,2,3,4
567,4,0,DL,3,4,1,2,3,4,1,2,3,4
568,4,0,DL,1,2,3,4,1,2,3,4,1,2
569,4,0,DL,1,2,3,4,1,2,3,4,1,2
570,4,0,DL,1,2,3,4,1,2,3,4,1,2
571,4,0,DL,1,2,3,4,1,2,3,4,1,2
572,4,0,DL,3,4,1,2,3,4,1,2,3,4
573,4,0,DL,3,4,1,2,3,4,1,2,3,4
574,4,1,DL,4,2,1,3,0,0,0,0,0,0
575,4,1,DL,4,2,1,3,0,0,0,0,0,0
576,4,1,DL,4,2,1,3,0,0,0,0,0,0
577,4,1,DL,4,2,1,3,0,0,0,0,0,0
578,4,1,DL,2,4,3,1,0,0,0,0,0,0
579,4,1,DL,2,4,3,1,0,0,0,0,0,0
580,4,1,DL,2,4,3,1,0,0,0,0,0,0
581,4,1,DL,2,4,3,1,0,0,0,0,0,0
582,4,1,DL,1,2,3,4,0,0,0,0,0,0
583,4,1,DL,1,2,3,4,0,0,0,0,0,0
584,4,1,DL,1,2,3,4,0,0,0,0,0,0
585,4,1,DL,1,2,3,4,0,0,0,0,0,0
586,4,1,DL,1,1,3,3,2,4,2,4,2,4
587,4,1,DL,1,1,3,3,2,4,2,4,2,4
588,4,2,DL,1,2,3,4,1,2,3,4,1,2
589,4,2,DL,1,2,3,4,1,2,3,4,1,2
590,4,2,DL,1,2,3,4,1,2,3,4,1,2
591,4,2,DL,1,2,3,4,1,2,3,4,1,2
592,4,2,DL,3,4,1,2,3,4,1,2,3,4
593,4,2,DL,3,4,1,2,3,4,1,2,3,4
594,4,2,DL,3,4,1,2,3,4,1,2,3,4
595,4,2,DL,3,4,1,2,3,4,1,2,3,4
596,4,2,G,0,0,0,0,0,0,0,0,0,0
597,4,2,G,0,0,0,0,0,0,0,0,0,0
598,4,2,UL,4,1,3,3,2,2,0,0,0,0
599,4,2,UL,4,1,3,3,2,2,0,0,0,0
600,4,2,UL,4,1,3,3,2,2,0,0,0,0
601,4,2,UL,4,1,3,3,2,2,0,0,0,0
602,4,3,UL,1,1,4,4,2,3,3,3,3,3
603,4,3,UL,1,1,4,4,2,3,3,3,3,3
604,4,3,UL,1,1,4,4,2,3,3,3,3,3
605,4,3,UL,1,1,4,4,2,3,3,3,3,3
606,4,3,UL,1,4,2,3,2,3,2,3,2,3
607,4,3,UL,1,4,2,3,2,3,2,3,2,3
608,4,3,UL,1,4,2,3,2,3,2,3,2,3
609,4,3,UL,1,4,2,3,2,3,2,3,2,3
610,4,3,UL,4,1,2,3,4,1,2,3,4,1
611,4,3,UL,4,1,2,3,4,1,2,3,4,1
612,4,3,UL,4,1,2,3,4,1,2,3,4,1
613,4,3,UL,4,1,2,3,4,1,2,3,4,1
614,4,3,UL,2,3,4,1,2,3,4,1,2,3
615,4,3,UL,2,3,4,1,2,3,4,1,2,3
616,4,4,UL,4,1,2,3,4,1,2,3,4,1
617,4,4,UL,4,1,2,3,4,1,2,3,4,1
618,4,4,UL,4,1,2,3,4,1,2,3,4,1
619,4,4,UL,4,1,2,3,4,1,2,3,4,1
620,4,4,UL,2,3,4,1,2,3,4,1,2,3
621,4,4,UL,2,3,4,1,2,3,4,1,2,3
622,4,4,UL,2,3,4,1,2,3,4,1,2,3
623,4,4,UL,2,3,4,1,2,3,4,1,2,3
624,4,4,UL,4,1,2,3,4,1,2,3,4,1
625,4,4,UL,4,1,2,3,4,1,2,3,4,1
626,4,4,UL,4,1,2,3,4,1,2,3,4,1
627,4,4,UL,4,1,2,3,4,1,2,3,4,1
628,4,4,UL,2,3,4,1,2,3,4,1,2,3
629,4,4,UL,2,3,4,1,2,3,4,1,2,3
630,4,5,DL,1,2,3,4,1,2,3,4,1,2
631,4,5,DL,1,2,3,4,1,2,3,4,1,2
632,4,5,DL,1,2,3,4,1,2,3,4,1,2
633,4,5,DL,1,2,3,4,1,2,3,4,1,2
634,4,5,DL,3,4,1,2,3,4,1,2,3,4
635,4,5,DL,3,4,1,2,3,4,1,2,3,4
636,4,5,DL,3,4,1,2,3,4,1,2,3,4
637,4,5,DL,3,4,1,2,3,4,1,2,3,4
638,4,5,DL,1,2,3,4,1,2,3,4,1,2
639,4,5,DL,1,2,3,4,1,2,3,4,1,2
640,4,5,DL,1,2,3,4,1,2,3,4,1,2
641,4,5,DL,1,2,3,4,1,2,3,4,1,2
642,4,5,DL,3,4,1,2,3,4,1,2,3,4
643,4,5,DL,3,4,1,2,3,4,1,2,3,4
644,4,6,DL,1,4,3,2,0,0,0,0,0,0
645,4,6,DL,1,4,3,2,0,0,0,0,0,0
646,4,6,DL,1,4,3,2,0,0,0,0,0,0
647,4,6,DL,1,4,3,2,0,0,0,0,0,0
648,4,6,DL,2,3,4,1,0,0,0,0,0,0
649,4,6,DL,2,3,4,1,0,0,0,0,0,0
650,4,6,DL,2,3,4,1,0,0,0,0,0,0
651,4,6,DL,2,3,4,1,0,0,0,0,0,0
652,4,6,DL,1,3,2,4,4,4,4,4,4,4
653,4,6,DL,1,3,2,4,4,4,4,4,4,4
654,4,6,DL,1,3,2,4,4,4,4,4,4,4
655,4,6,DL,1,3,2,4,4,4,4,4,4,4
656,4,6,DL,1,2,3,4,1,2,3,4,1,2
657,4,6,DL,1,2,3,4,1,2,3,4,1,2
658,4,7,DL,3,4,1,2,3,4,1,2,3,4
659,4,7,DL,3,4,1,2,3,4,1,2,3,4
660,4,7,DL,3,4,1,2,3,4,1,2,3,4
661,4,7,DL,3,4,1,2,3,4,1,2,3,4
662,4,7,DL,1,2,3,4,1,2,3,4,1,2
663,4,7,DL,1,2,3,4,1,2,3,4,1,2
664,4,7,DL,1,2,3,4,1,2,3,4,1,2
665,4,7,DL,1,2,3,4,1,2,3,4,1,2
666,4,7,G,0,0,0,0,0,0,0,0,0,0
667,4,7,G,0,0,0,0,0,0,0,0,0,0
668,4,7,UL,3,3,4,4,2,1,1,0,0,0
669,4,7,UL,3,3,4,4,2,1,1,0,0,0
670,4,7,UL,3,3,4,4,2,1,1,0,0,0
671,4,7,UL,3,3,4,4,2,1,1,0,0,0
672,4,8,UL,4,1,1,2,3,0,0,0,0,0
673,4,8,UL,4,1,1,2,3,0,0,0,0,0
674,4,8,UL,4,1,1,2,3,0,0,0,0,0
675,4,8,UL,4,1,1,2,3,0,0,0,0,0
676,4,8,UL,4,4,1,2,3,1,2,3,1,2
677,4,8,UL,4,4,1,2,3,1,2,3,1,2
678,4,8,UL,4,4,1,2,3,1,2,3,1,2
679,4,8,UL,4,4,1,2,3,1,2,3,1,2
680,4,8,UL,3,4,1,2,3,4,1,2,3,4
681,4,8,UL,3,4,1,2,3,4,1,2,3,4
682,4,8,UL,3,4,1,2,3,4,1,2,3,4
683,4,8,UL,3,4,1,2,3,4,1,2,3,4
684,4,8,UL,1,2,3,4,1,2,3,4,1,2
685,4,8,UL,1,2,3,4,1,2,3,4,1,2
686,4,9,UL,3,4,1,2,3,4,1,2,3,4
687,4,9,UL,3,4,1,2,3,4,1,2,3,4
688,4,9,UL,3,4,1,2,3,4,1,2,3,4
689,4,9,UL,3,4,1,2,3,4,1,2,3,4
690,4,9,UL,1,2,3,4,1,2,3,4,1,2
691,4,9,UL,1,2,3,4,1,2,3,4,1,2
692,4,9,UL,1,2,3,4,1,2,3,4,1,2
693,4,9,UL,1,2,3,4,1,2,3,4,1,2
694,4,9,UL,3,4,1,2,3,4,1,2,3,4
695,4,9,UL,3,4,1,2,3,4,1,2,3,4
696,4,9,UL,3,4,1,2,3,4,1,2,3,4
697,4,9,UL,3,4,1,2,3,4,1,2,3,4
698,4,9,UL,1,2,3,4,1,2,3,4,1,2
699,4,9,UL,1,2,3,4,1,2,3,4,1,2
700,5,0,DL,3,4,1,2,3,4,1,2,3,4
701,5,0,DL,3,4,1,2,3,4,1,2,3,4
702,5,0,DL,3,4,1,2,3,4,1,2,3,4
703,5,0,DL,3,4,1,2,3,4,1,2,3,4
704,5,0,DL,1,2,3,4,1,2,3,4,1,2
705,5,0,DL,1,2,3,4,1,2,3,4,1,2
706,5,0,DL,1,2,3,4,1,2,3,4,1,2
707,5,0,DL,1,2,3,4,1,2,3,4,1,2
708,5,0,DL,3,4,1,2,3,4,1,2,3,4
709,5,0,DL,3,4,1,2,3,4,1,2,3,4
710,5,0,DL,3,4,1,2,3,4,1,2,3,4
711,5,0,DL,3,4,1,2,3,4,1,2,3,4
712,5,0,DL,1,2,3,4,1,2,3,4,1,2
713,5,0,DL,1,2,3,4,1,2,3,4,1,2
714,5,1,DL,4,3,2,1,0,0,0,0,0,0
715,5,1,DL,4,3,2,1,0,0,0,0,0,0
716,5,1,DL,4,3,2,1,0,0,0,0,0,0
717,5,1,DL,4,3,2,1,0,0,0,0,0,0
718,5,1,DL,2,4,3,1,0,0,0,0,0,0
719,5,1,DL,2,4,3,1,0,0,0,0,0,0
720,5,1,DL,2,4,3,1,0,0,0,0,0,0
721,5,1,DL,2,4,3,1,0,0,0,0,0,0
722,5,1,DL,3,1,4,2,2,2,2,2,2,2
723,5,1,DL,3,1,4,2,2,2,2,2,2,2
724,5,1,DL,3,1,4,2,2,2,2,2,2,2
725,5,1,DL,3,1,4,2,2,2,2,2,2,2
726,5,1,DL,3,4,1,2,3,4,1,2,3,4
727,5,1,DL,3,4,1,2,3,4,1,2,3,4
728,5,2,DL,1,2,3,4,1,2,3,4,1,2
729,5,2,DL,1,2,3,4,1,2,3,4,1,2
730,5,2,DL,1,2,3,4,1,2,3,4,1,2
731,5,2,DL,1,2,3,4,1,2,3,4,1,2
732,5,2,DL,3,4,1,2,3,4,1,2,3,4
733,5,2,DL,3,4,1,2,3,4,1,2,3,4
734,5,2,DL,3,4,1,2,3,4,1,2,3,4
735,5,2,DL,3,4,1,2,3,4,1,2,3,4
736,5,2,G,0,0,0,0,0,0,0,0,0,0
737,5,2,G,0,0,0,0,0,0,0,0,0,0
738,5,2,UL,3,4,4,2,1,1,0,0,0,0
739,5,2,UL,3,4,4,2,1,1,0,0,0,0
740,5,2,UL,3,4,4,2,1,1,0,0,0,0
741,5,2,UL,3,4,4,2,1,1,0,0,0,0
742,5,3,UL,3,3,1,2,4,4,0,0,0,0
743,5,3,UL,3,3,1,2,4,4,0,0,0,0
744,5,3,UL,3,3,1,2,4,4,0,0,0,0
745,5,3,UL,3,3,1,2,4,4,0,0,0,0
746,5,3,UL,2,3,4,1,3,4,1,3,4,1
747,5,3,UL,2,3,4,1,3,4,1,3,4,1
748,5,3,UL,2,3,4,1,3,4,1,3,4,1
749,5,3,UL,2,3,4,1,3,4,1,3,4,1
750,5,3,UL,2,3,4,1,2,3,4,1,2,3
751,5,3,UL,2,3,4,1,2,3,4,1,2,3
752,5,3,UL,2,3,4,1,2,3,4,1,2,3
753,5,3,UL,2,3,4,1,2,3,4,1,2,3
754,5,3,UL,4,1,2,3,4,1,2,3,4,1
755,5,3,UL,4,1,2,3,4,1,2,3,4,1
756,5,4,UL,2,3,4,1,2,3,4,1,2,3
757,5,4,UL,2,3,4,1,2,3,4,1,2,3
758,5,4,UL,2,3,4,1,2,3,4,1,2,3
759,5,4,UL,2,3,4,1,2,3,4,1,2,3
760,5,4,UL,4,1,2,3,4,1,2,3,4,1
761,5,4,UL,4,1,2,3,4,1,2,3,4,1
762,5,4,UL,4,1,2,3,4,1,2,3,4,1
763,5,4,UL,4,1,2,3,4,1,2,3,4,1
764,5,4,UL,2,3,4,1,2,3,4,1,2,3
765,5,4,UL,2,3,4,1,2,3,4,1,2,3
766,5,4,UL,2,3,4,1,2,3,4,1,2,3
767,5,4,UL,2,3,4,1,2,3,4,1,2,3
768,5,4,UL,4,1,2,3,4,1,2,3,4,1
769,5,4,UL,4,1,2,3,4,1,2,3,4,1
770,5,5,DL,1,2,3,4,1,2,3,4,1,2
771,5,5,DL,1,2,3,4,1,2,3,4,1,2
772,5,5,DL,1,2,3,4,1,2,3,4,1,2
773,5,5,DL,1,2,3,4,1,2,3,4,1,2
774,5,5,DL,3,4,1,2,3,4,1,2,3,4
775,5,5,DL,3,4,1,2,3,4,1,2,3,4
776,5,5,DL,3,4,1,2,3,4,1,2,3,4
777,5,5,DL,3,4,1,2,3,4,1,2,3,4
778,5,5,DL,1,2,3,4,1,2,3,4,1,2
779,5,5,DL,1,2,3,4,1,2,3,4,1,2
780,5,5,DL,1,2,3,4,1,2,3,4,1,2
781,5,5,DL,1,2,3,4,1,2,3,4,1,2
782,5,5,DL,3,4,1,2,3,4,1,2,3,4
783,5,5,DL,3,4,1,2,3,4,1,2,3,4
784,5,6,DL,3,4,1,2,0,0,0,0,0,0
785,5,6,DL,3,4,1,2,0,0,0,0,0,0
786,5,6,DL,3,4,1,2,0,0,0,0,0,0
787,5,6,DL,3,4,1,2,0,0,0,0,0,0
788,5,6,DL,2,4,3,1,0,0,0,0,0,0
789,5,6,DL,2,4,3,1,0,0,0,0,0,0
790,5,6,DL,2,4,3,1,0,0,0,0,0,0
791,5,6,DL,2,4,3,1,0,0,0,0,0,0
792,5,6,DL,3,2,4,1,0,0,0,0,0,0
793,5,6,DL,3,2,4,1,0,0,0,0,0,0
794,5,6,DL,3,2,4,1,0,0,0,0,0,0
795,5,6,DL,3,2,4,1,0,0,0,0,0,0
796,5,6,DL,3,3,1,2,4,1,2,4,1,2
797,5,6,DL,3,3,1,2,4,1,2,4,1,2
798,5,7,DL,3,4,1,2,3,4,1,2,3,4
799,5,7,DL,3,4,1,2,3,4,1,2,3,4
800,5,7,DL,3,4,1,2,3,4,1,2,3,4
801,5,7,DL,3,4,1,2,3,4,1,2,3,4
802,5,7,DL,1,2,3,4,1,2,3,4,1,2
803,5,7,DL,1,2,3,4,1,2,3,4,1,2
804,5,7,DL,1,2,3,4,1,2,3,4,1,2
805,5,7,DL,1,2,3,4,1,2,3,4,1,2
806,5,7,G,0,0,0,0,0,0,0,0,0,0
807,5,7,G,0,0,0,0,0,0,0,0,0,0
808,5,7,UL,4,1,3,2,0,0,0,0,0,0
809,5,7,UL,4,1,3,2,0,0,0,0,0,0
810,5,7,UL,4,1,3,2,0,0,0,0,0,0
811,5,7,UL,4,1,3,2,0,0,0,0,0,0
812,5,8,UL,2,2,1,3,3,4,4,4,4,4
813,5,8,UL,2,2,1,3,3,4,4,4,4,4
814,5,8,UL,2,2,1,3,3,4,4,4,4,4
815,5,8,UL,2,2,1,3,3,4,4,4,4,4
816,5,8,UL,3,3,1,1,2,4,2,4,2,4
817,5,8,UL,3,3,1,1,2,4,2,4,2,4
818,5,8,UL,3,3,1,1,2,4,2,4,2,4
819,5,8,UL,3,3,1,1,2,4,2,4,2,4
820,5,8,UL,1,2,3,4,1,2,3,4,1,2
821,5,8,UL,1,2,3,4,1,2,3,4,1,2
822,5,8,UL,1,2,3,4,1,2,3,4,1,2
823,5,8,UL,1,2,3,4,1,2,3,4,1,2
824,5,8,UL,3,4,1,2,3,4,1,2,3,4
825,5,8,UL,3,4,1,2,3,4,1,2,3,4
826,5,9,UL,1,2,3,4,1,2,3,4,1,2
827,5,9,UL,1,2,3,4,1,2,3,4,1,2
828,5,9,UL,1,2,3,4,1,2,3,4,1,2
829,5,9,UL,1,2,3,4,1,2,3,4,1,2
830,5,9,UL,3,4,1,2,3,4,1,2,3,4
831,5,9,UL,3,4,1,2,3,4,1,2,3,4
832,5,9,UL,3,4,1,2,3,4,1,2,3,4
833,5,9,UL,3,4,1,2,3,4,1,2,3,4
834,5,9,UL,1,2,3,4,1,2,3,4,1,2
835,5,9,UL,1,2,3,4,1,2,3,4,1,2
836,5,9,UL,1,2,3,4,1,2,3,4,1,2
837,5,9,UL,1,2,3,4,1,2,3,4,1,2
838,5,9,UL,3,4,1,2,3,4,1,2,3,4
839,5,9,UL,3,4,1,2,3,4,1,2,3,4
840,6,0,DL,3,4,1,2,3,4,1,2,3,4
841,6,0,DL,3,4,1,2,3,4,1,2,3,4
842,6,0,DL,3,4,1,2,3,4,1,2,3,4
843,6,0,DL,3,4,1,2,3,4,1,2,3,4
844,6,0,DL,1,2,3,4,1,2,3,4,1,2
845,6,0,DL,1,2,3,4,1,2,3,4,1,2
846,6,0,DL,1,2,3,4,1,2,3,4,1,2
847,6,0,DL,1,2,3,4,1,2,3,4,1,2
848,6,0,DL,3,4,1,2,3,4,1,2,3,4
849,6,0,DL,3,4,1,2,3,4,1,2,3,4
850,6,0,DL,3,4,1,2,3,4,1,2,3,4
851,6,0,DL,3,4,1,2,3,4,1,2,3,4
852,6,0,DL,1,2,3,4,1,2,3,4,1,2
853,6,0,DL,1,2,3,4,1,2,3,4,1,2
854,6,1,DL,3,1,2,4,0,0,0,0,0,0
855,6,1,DL,3,1,2,4,0,0,0,0,0,0
856,6,1,DL,3,1,2,4,0,0,0,0,0,0
857,6,1,DL,3,1,2,4,0,0,0,0,0,0
858,6,1,DL,3,4,1,2,0,0,0,0,0,0
859,6,1,DL,3,4,1,2,0,0,0,0,0,0
860,6,1,DL,3,4,1,2,0,0,0,0,0,0
861,6,1,DL,3,4,1,2,0,0,0,0,0,0
862,6,1,DL,2,3,4,1,4,1,4,1,4,1
863,6,1,DL,2,3,4,1,4,1,4,1,4,1
864,6,1,DL,2,3,4,1,4,1,4,1,4,1
865,6,1,DL,2,3,4,1,4,1,4,1,4,1
866,6,1,DL,2,2,2,3,3,4,1,4,1,4
867,6,1,DL,2,2,2,3,3,4,1,4,1,4
868,6,2,DL,1,2,3,4,1,2,3,4,1,2
869,6,2,DL,1,2,3,4,1,2,3,4,1,2
870,6,2,DL,1,2,3,4,1,2,3,4,1,2
871,6,2,DL,1,2,3,4,1,2,3,4,1,2
872,6,2,DL,3,4,1,2,3,4,1,2,3,4
873,6,2,DL,3,4,1,2,3,4,1,2,3,4
874,6,2,DL,3,4,1,2,3,4,1,2,3,4
875,6,2,DL,3,4,1,2,3,4,1,2,3,4
876,6,2,G,0,0,0,0,0,0,0,0,0,0
877,6,2,G,0,0,0,0,0,0,0,0,0,0
878,6,2,UL,3,3,4,2,2,1,0,0,0,0
879,6,2,UL,3,3,4,2,2,1,0,0,0,0
880,6,2,UL,3,3,4,2,2,1,0,0,0,0
881,6,2,UL,3,3,4,2,2,1,0,0,0,0
882,6,3,UL,4,4,1,1,2,2,3,0,0,0
883,6,3,UL,4,4,1,1,2,2,3,0,0,0
884,6,3,UL,4,4,1,1,2,2,3,0,0,0
885,6,3,UL,4,4,1,1,2,2,3,0,0,0
886,6,3,UL,1,2,3,4,2,3,4,2,3,4
887,6,3,UL,1,2,3,4,2,3,4,2,3,4
888,6,3,UL,1,2,3,4,2,3,4,2,3,4
889,6,3,UL,1,2,3,4,2,3,4,2,3,4
890,6,3,UL,1,2,3,4,1,2,3,4,1,2
891,6,3,UL,1,2,3,4,1,2,3,4,1,2
892,6,3,UL,1,2,3,4,1,2,3,4,1,2
893,6,3,UL,1,2,3,4,1,2,3,4,1,2
894,6,3,UL,3,4,1,2,3,4,1,2,3,4
895,6,3,UL,3,4,1,2,3,4,1,2,3,4
896,6,4,UL,1,2,3,4,1,2,3,4,1,2
897,6,4,UL,1,2,3,4,1,2,3,4,1,2
898,6,4,UL,1,2,3,4,1,2,3,4,1,2
899,6,4,UL,1,2,3,4,1,2,3,4,1,2
900,6,4,UL,3,4,1,2,3,4,1,2,3,4
901,6,4,UL,3,4,1,2,3,4,1,2,3,4
902,6,4,UL,3,4,1,2,3,4,1,2,3,4
903,6,4,UL,3,4,1,2,3,4,1,2,3,4
904,6,4,UL,1,2,3,4,1,2,3,4,1,2
905,6,4,UL,1,2,3,4,1,2,3,4,1,2
906,6,4,UL,1,2,3,4,1,2,3,4,1,2
907,6,4,UL,1,2,3,4,1,2,3,4,1,2
908,6,4,UL,3,4,1,2,3,4,1,2,3,4
909,6,4,UL,3,4,1,2,3,4,1,2,3,4
910,6,5,DL,1,2,3,4,1,2,3,4,1,2
911,6,5,DL,1,2,3,4,1,2,3,4,1,2
912,6,5,DL,1,2,3,4,1,2,3,4,1,2
913,6,5,DL,1,2,3,4,1,2,3,4,1,2
914,6,5,DL,3,4,1,2,3,4,1,2,3,4
915,6,5,DL,3,4,1,2,3,4,1,2,3,4
916,6,5,DL,3,4,1,2,3,4,1,2,3,4
917,6,5,DL,3,4,1,2,3,4,1,2,3,4
918,6,5,DL,1,2,3,4,1,2,3,4,1,2
919,6,5,DL,1,2,3,4,1,2,3,4,1,2
920,6,5,DL,1,2,3,4,1,2,3,4,1,2
921,6,5,DL,1,2,3,4,1,2,3,4,1,2
922,6,5,DL,3,4,1,2,3,4,1,2,3,4
923,6,5,DL,3,4,1,2,3,4,1,2,3,4
924,6,6,DL,3,4,2,1,0,0,0,0,0,0
925,6,6,DL,3,4,2,1,0,0,0,0,0,0
926,6,6,DL,3,4,2,1,0,0,0,0,0,0
927,6,6,DL,3,4,2,1,0,0,0,0,0,0
928,6,6,DL,3,1,2,4,0,0,0,0,0,0
929,6,6,DL,3,1,2,4,0,0,0,0,0,0
930,6,6,DL,3,1,2,4,0,0,0,0,0,0
931,6,6,DL,3,1,2,4,0,0,0,0,0,0
932,6,6,DL,4,1,3,2,0,0,0,0,0,0
933,6,6,DL,4,1,3,2,0,0,0,0,0,0
934,6,6,DL,4,1,3,2,0,0,0,0,0,0
935,6,6,DL,4,1,3,2,0,0,0,0,0,0
936,6,6,DL,1,2,3,4,1,2,3,4,1,2
937,6,6,DL,1,2,3,4,1,2,3,4,1,2
938,6,7,DL,3,4,1,2,3,4,1,2,3,4
939,6,7,DL,3,4,1,2,3,4,1,2,3,4
940,6,7,DL,3,4,1,2,3,4,1,2,3,4
941,6,7,DL,3,4,1,2,3,4,1,2,3,4
942,6,7,DL,1,2,3,4,1,2,3,4,1,2
943,6,7,DL,1,2,3,4,1,2,3,4,1,2
944,6,7,DL,1,2,3,4,1,2,3,4,1,2
945,6,7,DL,1,2,3,4,1,2,3,4,1,2
946,6,7,G,0,0,0,0,0,0,0,0,0,0
947,6,7,G,0,0,0,0,0,0,0,0,0,0
948,6,7,UL,3,2,2,1,4,4,0,0,0,0
949,6,7,UL,3,2,2,1,4,4,0,0,0,0
950,6,7,UL,3,2,2,1,4,4,0,0,0,0
951,6,7,UL,3,2,2,1,4,4,0,0,0,0
952,6,8,UL,3,2,2,1,1,4,0,0,0,0
953,6,8,UL,3,2,2,1,1,4,0,0,0,0
954,6,8,UL,3,2,2,1,1,4,0,0,0,0
955,6,8,UL,3,2,2,1,1,4,0,0,0,0
956,6,8,UL,1,1,2,3,4,2,3,4,2,3
957,6,8,UL,1,1,2,3,4,2,3,4,2,3
958,6,8,UL,1,1,2,3,4,2,3,4,2,3
959,6,8,UL,1,1,2,3,4,2,3,4,2,3
960,6,8,UL,4,1,2,3,4,1,2,3,4,1
961,6,8,UL,4,1,2,3,4,1,2,3,4,1
962,6,8,UL,4,1,2,3,4,1,2,3,4,1
963,6,8,UL,4,1,2,3,4,1,2,3,4,1
964,6,8,UL,2,3,4,1,2,3,4,1,2,3
965,6,8,UL,2,3,4,1,2,3,4,1,2,3
966,6,9,UL,4,1,2,3,4,1,2,3,4,1
967,6,9,UL,4,1,2,3,4,1,2,3,4,1
968,6,9,UL,4,1,2,3,4,1,2,3,4,1
969,6,9,UL,4,1,2,3,4,1,2,3,4,1
970,6,9,UL,2,3,4,1,2,3,4,1,2,3
971,6,9,UL,2,3,4,1,2,3,4,1,2,3
972,6,9,UL,2,3,4,1,2,3,4,1,2,3
973,6,9,UL,2,3,4,1,2,3,4,1,2,3
974,6,9,UL,4,1,2,3,4,1,2,3,4,1
975,6,9,UL,4,1,2,3,4,1,2,3,4,1
976,6,9,UL,4,1,2,3,4,1,2,3,4,1
977,6,9,UL,4,1,2,3,4,1,2,3,4,1
978,6,9,UL,2,3,4,1,2,3,4,1,2,3
979,6,9,UL,2,3,4,1,2,3,4,1,2,3
980,7,0,DL,3,4,1,2,3,4,1,2,3,4
981,7,0,DL,3,4,1,2,3,4,1,2,3,4
982,7,0,DL,3,4,1,2,3,4,1,2,3,4
983,7,0,DL,3,4,1,2,3,4,1,2,3,4
984,7,0,DL,1,2,3,4,1,2,3,4,1,2
985,7,0,DL,1,2,3,4,1,2,3,4,1,2
986,7,0,DL,1,2,3,4,1,2,3,4,1,2
987,7,0,DL,1,2,3,4,1,2,3,4,1,2
988,7,0,DL,3,4,1,2,3,4,1,2,3,4
989,7,0,DL,3,4,1,2,3,4,1,2,3,4
990,7,0,DL,3,4,1,2,3,4,1,2,3,4
991,7,0,DL,3,4,1,2,3,4,1,2,3,4
992,7,0,DL,1,2,3,4,1,2,3,4,1,2
993,7,0,DL,1,2,3,4,1,2,3,4,1,2
994,7,1,DL,3,2,4,1,0,0,0,0,0,0
995,7,1,DL,3,2,4,1,0,0,0,0,0,0
996,7,1,DL,3,2,4,1,0,0,0,0,0,0
997,7,1,DL,3,2,4,1,0,0,0,0,0,0
998,7,1,DL,2,3,4,1,0,0,0,0,0,0
999,7,1,DL,2,3,4,1,0,0,0,0,0,0
1000,7,1,DL,2,3,4,1,0,0,0,0,0,0
1001,7,1,DL,2,3,4,1,0,0,0,0,0,0
1002,7,1,DL,4,1,3,2,3,2,3,2,3,2
1003,7,1,DL,4,1,3,2,3,2,3,2,3,2
1004,7,1,DL,4,1,3,2,3,2,3,2,3,2
1005,7,1,DL,4,1,3,2,3,2,3,2,3,2
1006,7,1,DL,1,1,1,4,4,3,2,3,2,3
1007,7,1,DL,1,1,1,4,4,3,2,3,2,3
1008,7,2,DL,4,1,2,3,4,1,2,3,4,1
1009,7,2,DL,4,1,2,3,4,1,2,3,4,1
1010,7,2,DL,4,1,2,3,4,1,2,3,4,1
1011,7,2,DL,4,1,2,3,4,1,2,3,4,1
1012,7,2,DL,2,3,4,1,2,3,4,1,2,3
1013,7,2,DL,2,3,4,1,2,3,4,1,2,3
1014,7,2,DL,2,3,4,1,2,3,4,1,2,3
1015,7,2,DL,2,3,4,1,2,3,4,1,2,3
1016,7,2,G,0,0,0,0,0,0,0,0,0,0
1017,7,2,G,0,0,0,0,0,0,0,0,0,0
1018,7,2,UL,4,4,3,1,1,2,0,0,0,0
1019,7,2,UL,4,4,3,1,1,2,0,0,0,0
1020,7,2,UL,4,4,3,1,1,2,0,0,0,0
1021,7,2,UL,4,4,3,1,1,2,0,0,0,0
1022,7,3,UL,4,4,1,1,3,2,2,2,2,2
1023,7,3,UL,4,4,1,1,3,2,2,2,2,2
1024,7,3,UL,4,4,1,1,3,2,2,2,2,2
1025,7,3,UL,4,4,1,1,3,2,2,2,2,2
1026,7,3,UL,4,3,1,1,2,2,2,2,2,2
1027,7,3,UL,4,3,1,1,2,2,2,2,2,2
1028,7,3,UL,4,3,1,1,2,2,2,2,2,2
1029,7,3,UL,4,3,1,1,2,2,2,2,2,2
1030,7,3,UL,3,4,1,2,3,4,1,2,3,4
1031,7,3,UL,3,4,1,2,3,4,1,2,3,4
1032,7,3,UL,3,4,1,2,3,4,1,2,3,4
1033,7,3,UL,3,4,1,2,3,4,1,2,3,4
1034,7,3,UL,1,2,3,4,1,2,3,4,1,2
1035,7,3,UL,1,2,3,4,1,2,3,4,1,2
1036,7,4,UL,3,4,1,2,3,4,1,2,3,4
1037,7,4,UL,3,4,1,2,3,4,1,2,3,4
1038,7,4,UL,3,4,1,2,3,4,1,2,3,4
1039,7,4,UL,3,4,1,2,3,4,1,2,3,4
1040,7,4,UL,1,2,3,4,1,2,3,4,1,2
1041,7,4,UL,1,2,3,4,1,2,3,4,1,2
1042,7,4,UL,1,2,3,4,1,2,3,4,1,2
1043,7,4,UL,1,2,3,4,1,2,3,4,1,2
1044,7,4,UL,3,4,1,2,3,4,1,2,3,4
1045,7,4,UL,3,4,1,2,3,4,1,2,3,4
1046,7,4,UL,3,4,1,2,3,4,1,2,3,4
1047,7,4,UL,3,4,1,2,3,4,1,2,3,4
1048,7,4,UL,1,2,3,4,1,2,3,4,1,2
1049,7,4,UL,1,2,3,4,1,2,3,4,1,2
1050,7,5,DL,4,1,2,3,4,1,2,3,4,1
1051,7,5,DL,4,1,2,3,4,1,2,3,4,1
1052,7,5,DL,4,1,2,3,4,1,2,3,4,1
1053,7,5,DL,4,1,2,3,4,1,2,3,4,1
1054,7,5,DL,2,3,4,1,2,3,4,1,2,3
1055,7,5,DL,2,3,4,1,2,3,4,1,2,3
1056,7,5,DL,2,3,4,1,2,3,4,1,2,3
1057,7,5,DL,2,3,4,1,2,3,4,1,2,3
1058,7,5,DL,4,1,2,3,4,1,2,3,4,1
1059,7,5,DL,4,1,2,3,4,1,2,3,4,1
1060,7,5,DL,4,1,2,3,4,1,2,3,4,1
1061,7,5,DL,4,1,2,3,4,1,2,3,4,1
1062,7,5,DL,2,3,4,1,2,3,4,1,2,3
1063,7,5,DL,2,3,4,1,2,3,4,1,2,3
1064,7,6,DL,2,4,3,1,0,0,0,0,0,0
1065,7,6,DL,2,4,3,1,0,0,0,0,0,0
1066,7,6,DL,2,4,3,1,0,0,0,0,0,0
1067,7,6,DL,2,4,3,1,0,0,0,0,0,0
1068,7,6,DL,4,3,1,2,0,0,0,0,0,0
1069,7,6,DL,4,3,1,2,0,0,0,0,0,0
1070,7,6,DL,4,3,1,2,0,0,0,0,0,0
1071,7,6,DL,4,3,1,2,0,0,0,0,0,0
1072,7,6,DL,3,4,1,2,0,0,0,0,0,0
1073,7,6,DL,3,4,1,2,0,0,0,0,0,0
1074,7,6,DL,3,4,1,2,0,0,0,0,0,0
1075,7,6,DL,3,4,1,2,0,0,0,0,0,0
1076,7,6,DL,1,1,1,4,2,3,4,2,3,4
1077,7,6,DL,1,1,1,4,2,3,4,2,3,4
1078,7,7,DL,1,2,3,4,1,2,3,4,1,2
1079,7,7,DL,1,2,3,4,1,2,3,4,1,2
1080,7,7,DL,1,2,3,4,1,2,3,4,1,2
1081,7,7,DL,1,2,3,4,1,2,3,4,1,2
1082,7,7,DL,3,4,1,2,3,4,1,2,3,4
1083,7,7,DL,3,4,1,2,3,4,1,2,3,4
1084,7,7,DL,3,4,1,2,3,4,1,2,3,4
1085,7,7,DL,3,4,1,2,3,4,1,2,3,4
1086,7,7,G,0,0,0,0,0,0,0,0,0,0
1087,7,7,G,0,0,0,0,0,0,0,0,0,0
1088,7,7,UL,2,3,3,1,4,0,0,0,0,0
1089,7,7,UL,2,3,3,1,4,0,0,0,0,0
1090,7,7,UL,2,3,3,1,4,0,0,0,0,0
1091,7,7,UL,2,3,3,1,4,0,0,0,0,0
1092,7,8,UL,3,1,1,2,2,4,4,0,0,0
1093,7,8,UL,3,1,1,2,2,4,4,0,0,0
1094,7,8,UL,3,1,1,2,2,4,4,0,0,0
1095,7,8,UL,3,1,1,2,2,4,4,0,0,0
1096,7,8,UL,3,4,1,2,3,4,1,2,3,4
1097,7,8,UL,3,4,1,2,3,4,1,2,3,4
1098,7,8,UL,3,4,1,2,3,4,1,2,3,4
1099,7,8,UL,3,4,1,2,3,4,1,2,3,4
1100,7,8,UL,1,2,3,4,1,2,3,4,1,2
1101,7,8,UL,1,2,3,4,1,2,3,4,1,2
1102,7,8,UL,1,2,3,4,1,2,3,4,1,2
1103,7,8,UL,1,2,3,4,1,2,3,4,1,2
1104,7,8,UL,3,4,1,2,3,4,1,2,3,4
1105,7,8,UL,3,4,1,2,3,4,1,2,3,4
1106,7,9,UL,1,2,3,4,1,2,3,4,1,2
1107,7,9,UL,1,2,3,4,1,2,3,4,1,2
1108,7,9,UL,1,2,3,4,1,2,3,4,1,2
1109,7,9,UL,1,2,3,4,1,2,3,4,1,2
1110,7,9,UL,3,4,1,2,3,4,1,2,3,4
1111,7,9,UL,3,4,1,2,3,4,1,2,3,4
1112,7,9,UL,3,4,1,2,3,4,1,2,3,4
1113,7,9,UL,3,4,1,2,3,4,1,2,3,4
1114,7,9,UL,1,2,3,4,1,2,3,4,1,2
1115,7,9,UL,1,2,3,4,1,2,3,4,1,2
1116,7,9,UL,1,2,3,4,1,2,3,4,1,2
1117,7,9,UL,1,2,3,4,1,2,3,4,1,2
1118,7,9,UL,3,4,1,2,3,4,1,2,3,4
1119,7,9,UL,3,4,1,2,3,4,1,2,3,4
1120,8,0,DL,1,2,3,4,1,2,3,4,1,2
1121,8,0,DL,1,2,3,4,1,2,3,4,1,2
1122,8,0,DL,1,2,3,4,1,2,3,4,1,2
1123,8,0,DL,1,2,3,4,1,2,3,4,1,2
1124,8,0,DL,3,4,1,2,3,4,1,2,3,4
1125,8,0,DL,3,4,1,2,3,4,1,2,3,4
1126,8,0,DL,3,4,1,2,3,4,1,2,3,4
1127,8,0,DL,3,4,1,2,3,4,1,2,3,4
1128,8,0,DL,1,2,3,4,1,2,3,4,1,2
1129,8,0,DL,1,2,3,4,1,2,3,4,1,2
1130,8,0,DL,1,2,3,4,1,2,3,4,1,2
1131,8,0,DL,1,2,3,4,1,2,3,4,1,2
1132,8,0,DL,3,4,1,2,3,4,1,2,3,4
1133,8,0,DL,3,4,1,2,3,4,1,2,3,4
1134,8,1,DL,2,3,4,1,0,0,0,0,0,0
1135,8,1,DL,2,3,4,1,0,0,0,0,0,0
1136,8,1,DL,2,3,4,1,0,0,0,0,0,0
1137,8,1,DL,2,3,4,1,0,0,0,0,0,0
1138,8,1,DL,2,3,1,4,0,0,0,0,0,0
1139,8,1,DL,2,3,1,4,0,0,0,0,0,0
1140,8,1,DL,2,3,1,4,0,0,0,0,0,0
1141,8,1,DL,2,3,1,4,0,0,0,0,0,0
1142,8,1,DL,1,3,2,4,4,4,4,4,4,4
1143,8,1,DL,1,3,2,4,4,4,4,4,4,4
1144,8,1,DL,1,3,2,4,4,4,4,4,4,4
1145,8,1,DL,1,3,2,4,4,4,4,4,4,4
1146,8,1,DL,2,2,2,1,1,1,3,3,4,4
1147,8,1,DL,2,2,2,1,1,1,3,3,4,4
1148,8,2,DL,1,2,3,4,1,2,3,4,1,2
1149,8,2,DL,1,2,3,4,1,2,3,4,1,2
1150,8,2,DL,1,2,3,4,1,2,3,4,1,2
1151,8,2,DL,1,2,3,4,1,2,3,4,1,2
1152,8,2,DL,3,4,1,2,3,4,1,2,3,4
1153,8,2,DL,3,4,1,2,3,4,1,2,3,4
1154,8,2,DL,3,4,1,2,3,4,1,2,3,4
1155,8,2,DL,3,4,1,2,3,4,1,2,3,4
1156,8,2,G,0,0,0,0,0,0,0,0,0,0
1157,8,2,G,0,0,0,0,0,0,0,0,0,0
1158,8,2,UL,3,2,2,4,4,1,1,0,0,0
1159,8,2,UL,3,2,2,4,4,1,1,0,0,0
1160,8,2,UL,3,2,2,4,4,1,1,0,0,0
1161,8,2,UL,3,2,2,4,4,1,1,0,0,0
1162,8,3,UL,4,2,2,1,3,1,3,1,3,1
1163,8,3,UL,4,2,2,1,3,1,3,1,3,1
1164,8,3,UL,4,2,2,1,3,1,3,1,3,1
1165,8,3,UL,4,2,2,1,3,1,3,1,3,1
1166,8,3,UL,2,3,4,1,2,3,4,1,2,3
1167,8,3,UL,2,3,4,1,2,3,4,1,2,3
1168,8,3,UL,2,3,4,1,2,3,4,1,2,3
1169,8,3,UL,2,3,4,1,2,3,4,1,2,3
1170,8,3,UL,4,1,2,3,4,1,2,3,4,1
1171,8,3,UL,4,1,2,3,4,1,2,3,4,1
1172,8,3,UL,4,1,2,3,4,1,2,3,4,1
1173,8,3,UL,4,1,2,3,4,1,2,3,4,1
1174,8,3,UL,2,3,4,1,2,3,4,1,2,3
1175,8,3,UL,2,3,4,1,2,3,4,1,2,3
1176,8,4,UL,4,1,2,3,4,1,2,3,4,1
1177,8,4,UL,4,1,2,3,4,1,2,3,4,1
1178,8,4,UL,4,1,2,3,4,1,2,3,4,1
1179,8,4,UL,4,1,2,3,4,1,2,3,4,1
1180,8,4,UL,2,3,4,1,2,3,4,1,2,3
1181,8,4,UL,2,3,4,1,2,3,4,1,2,3
1182,8,4,UL,2,3,4,1,2,3,4,1,2,3
1183,8,4,UL,2,3,4,1,2,3,4,1,2,3
1184,8,4,UL,4,1,2,3,4,1,2,3,4,1
1185,8,4,UL,4,1,2,3,4,1,2,3,4,1
1186,8,4,UL,4,1,2,3,4,1,2,3,4,1
1187,8,4,UL,4,1,2,3,4,1,2,3,4,1
1188,8,4,UL,2,3,4,1,2,3,4,1,2,3
1189,8,4,UL,2,3,4,1,2,3,4,1,2,3
1190,8,5,DL,1,2,3,4,1,2,3,4,1,2
1191,8,5,DL,1,2,3,4,1,2,3,4,1,2
1192,8,5,DL,1,2,3,4,1,2,3,4,1,2
1193,8,5,DL,1,2,3,4,1,2,3,4,1,2
1194,8,5,DL,3,4,1,2,3,4,1,2,3,4
1195,8,5,DL,3,4,1,2,3,4,1,2,3,4
1196,8,5,DL,3,4,1,2,3,4,1,2,3,4
1197,8,5,DL,3,4,1,2,3,4,1,2,3,4
1198,8,5,DL,1,2,3,4,1,2,3,4,1,2
1199,8,5,DL,1,2,3,4,1,2,3,4,1,2
1200,8,5,DL,1,2,3,4,1,2,3,4,1,2
1201,8,5,DL,1,2,3,4,1,2,3,4,1,2
1202,8,5,DL,3,4,1,2,3,4,1,2,3,4
1203,8,5,DL,3,4,1,2,3,4,1,2,3,4
1204,8,6,DL,1,4,3,2,0,0,0,0,0,0
1205,8,6,DL,1,4,3,2,0,0,0,0,0,0
1206,8,6,DL,1,4,3,2,0,0,0,0,0,0
1207,8,6,DL,1,4,3,2,0,0,0,0,0,0
1208,8,6,DL,2,4,3,1,0,0,0,0,0,0
1209,8,6,DL,2,4,3,1,0,0,0,0,0,0
1210,8,6,DL,2,4,3,1,0,0,0,0,0,0
1211,8,6,DL,2,4,3,1,0,0,0,0,0,0
1212,8,6,DL,4,1,2,3,0,0,0,0,0,0
1213,8,6,DL,4,1,2,3,0,0,0,0,0,0
1214,8,6,DL,4,1,2,3,0,0,0,0,0,0
1215,8,6,DL,4,1,2,3,0,0,0,0,0,0
1216,8,6,DL,1,1,1,2,3,4,2,3,4,2
1217,8,6,DL,1,1,1,2,3,4,2,3,4,2
1218,8,7,DL,3,4,1,2,3,4,1,2,3,4
1219,8,7,DL,3,4,1,2,3,4,1,2,3,4
1220,8,7,DL,3,4,1,2,3,4,1,2,3,4
1221,8,7,DL,3,4,1,2,3,4,1,2,3,4
1222,8,7,DL,1,2,3,4,1,2,3,4,1,2
1223,8,7,DL,1,2,3,4,1,2,3,4,1,2
1224,8,7,DL,1,2,3,4,1,2,3,4,1,2
1225,8,7,DL,1,2,3,4,1,2,3,4,1,2
1226,8,7,G,0,0,0,0,0,0,0,0,0,0
1227,8,7,G,0,0,0,0,0,0,0,0,0,0
1228,8,7,UL,1,1,4,4,3,2,0,0,0,0
1229,8,7,UL,1,1,4,4,3,2,0,0,0,0
1230,8,7,UL,1,1,4,4,3,2,0,0,0,0
1231,8,7,UL,1,1,4,4,3,2,0,0,0,0
1232,8,8,UL,4,1,1,3,3,2,2,0,0,0
1233,8,8,UL,4,1,1,3,3,2,2,0,0,0
1234,8,8,UL,4,1,1,3,3,2,2,0,0,0
1235,8,8,UL,4,1,1,3,3,2,2,0,0,0
1236,8,8,UL,4,4,2,2,1,3,1,3,1,3
1237,8,8,UL,4,4,2,2,1,3,1,3,1,3
1238,8,8,UL,4,4,2,2,1,3,1,3,1,3
1239,8,8,UL,4,4,2,2,1,3,1,3,1,3
1240,8,8,UL,4,1,2,3,4,1,2,3,4,1
1241,8,8,UL,4,1,2,3,4,1,2,3,4,1
1242,8,8,UL,4,1,2,3,4,1,2,3,4,1
1243,8,8,UL,4,1,2,3,4,1,2,3,4,1
1244,8,8,UL,2,3,4,1,2,3,4,1,2,3
1245,8,8,UL,2,3,4,1,2,3,4,1,2,3
1246,8,9,UL,4,1,2,3,4,1,2,3,4,1
1247,8,9,UL,4,1,2,3,4,1,2,3,4,1
1248,8,9,UL,4,1,2,3,4,1,2,3,4,1
1249,8,9,UL,4,1,2,3,4,1,2,3,4,1
1250,8,9,UL,2,3,4,1,2,3,4,1,2,3
1251,8,9,UL,2,3,4,1,2,3,4,1,2,3
1252,8,9,UL,2,3,4,1,2,3,4,1,2,3
1253,8,9,UL,2,3,4,1,2,3,4,1,2,3
1254,8,9,UL,4,1,2,3,4,1,2,3,4,1
1255,8,9,UL,4,1,2,3,4,1,2,3,4,1
1256,8,9,UL,4,1,2,3,4,1,2,3,4,1
1257,8,9,UL,4,1,2,3,4,1,2,3,4,1
1258,8,9,UL,2,3,4,1,2,3,4,1,2,3
1259,8,9,UL,2,3,4,1,2,3,4,1,2,3
1260,9,0,DL,3,4,1,2,3,4,1,2,3,4
1261,9,0,DL,3,4,1,2,3,4,1,2,3,4
1262,9,0,DL,3,4,1,2,3,4,1,2,3,4
1263,9,0,DL,3,4,1,2,3,4,1,2,3,4
1264,9,0,DL,1,2,3,4,1,2,3,4,1,2
1265,9,0,DL,1,2,3,4,1,2,3,4,1,2
1266,9,0,DL,1,2,3,4,1,2,3,4,1,2
1267,9,0,DL,1,2,3,4,1,2,3,4,1,2
1268,9,0,DL,3,4,1,2,3,4,1,2,3,4
1269,9,0,DL,3,4,1,2,3,4,1,2,3,4
1270,9,0,DL,3,4,1,2,3,4,1,2,3,4
1271,9,0,DL,3,4,1,2,3,4,1,2,3,4
1272,9,0,DL,1,2,3,4,1,2,3,4,1,2
1273,9,0,DL,1,2,3,4,1,2,3,4,1,2
1274,9,1,DL,2,4,3,1,0,0,0,0,0,0
1275,9,1,DL,2,4,3,1,0,0,0,0,0,0
1276,9,1,DL,2,4,3,1,0,0,0,0,0,0
1277,9,1,DL,2,4,3,1,0,0,0,0,0,0
1278,9,1,DL,3,1,4,2,0,0,0,0,0,0
1279,9,1,DL,3,1,4,2,0,0,0,0,0,0
1280,9,1,DL,3,1,4,2,0,0,0,0,0,0
1281,9,1,DL,3,1,4,2,0,0,0,0,0,0
1282,9,1,DL,1,3,4,2,2,2,2,2,2,2
1283,9,1,DL,1,3,4,2,2,2,2,2,2,2
1284,9,1,DL,1,3,4,2,2,2,2,2,2,2
1285,9,1,DL,1,3,4,2,2,2,2,2,2,2
1286,9,1,DL,3,4,1,2,3,4,1,2,3,4
1287,9,1,DL,3,4,1,2,3,4,1,2,3,4
1288,9,2,DL,1,2,3,4,1,2,3,4,1,2
1289,9,2,DL,1,2,3,4,1,2,3,4,1,2
1290,9,2,DL,1,2,3,4,1,2,3,4,1,2
1291,9,2,DL,1,2,3,4,1,2,3,4,1,2
1292,9,2,DL,3,4,1,2,3,4,1,2,3,4
1293,9,2,DL,3,4,1,2,3,4,1,2,3,4
1294,9,2,DL,3,4,1,2,3,4,1,2,3,4
1295,9,2,DL,3,4,1,2,3,4,1,2,3,4
1296,9,2,G,0,0,0,0,0,0,0,0,0,0
1297,9,2,G,0,0,0,0,0,0,0,0,0,0
1298,9,2,UL,2,2,3,3,1,1,4,4,0,0
1299,9,2,UL,2,2,3,3,1,1,4,4,0,0
1300,9,2,UL,2,2,3,3,1,1,4,4,0,0
1301,9,2,UL,2,2,3,3,1,1,4,4,0,0
1302,9,3,UL,1,1,3,4,2,0,0,0,0,0
1303,9,3,UL,1,1,3,4,2,0,0,0,0,0
1304,9,3,UL,1,1,3,4,2,0,0,0,0,0
1305,9,3,UL,1,1,3,4,2,0,0,0,0,0
1306,9,3,UL,4,1,2,3,4,1,2,3,4,1
1307,9,3,UL,4,1,2,3,4,1,2,3,4,1
1308,9,3,UL,4,1,2,3,4,1,2,3,4,1
1309,9,3,UL,4,1,2,3,4,1,2,3,4,1
1310,9,3,UL,2,3,4,1,2,3,4,1,2,3
1311,9,3,UL,2,3,4,1,2,3,4,1,2,3
1312,9,3,UL,2,3,4,1,2,3,4,1,2,3
1313,9,3,UL,2,3,4,1,2,3,4,1,2,3
1314,9,3,UL,4,1,2,3,4,1,2,3,4,1
1315,9,3,UL,4,1,2,3,4,1,2,3,4,1
1316,9,4,UL,2,3,4,1,2,3,4,1,2,3
1317,9,4,UL,2,3,4,1,2,3,4,1,2,3
1318,9,4,UL,2,3,4,1,2,3,4,1,2,3
1319,9,4,UL,2,3,4,1,2,3,4,1,2,3
1320,9,4,UL,4,1,2,3,4,1,2,3,4,1
1321,9,4,UL,4,1,2,3,4,1,2,3,4,1
1322,9,4,UL,4,1,2,3,4,1,2,3,4,1
1323,9,4,UL,4,1,2,3,4,1,2,3,4,1
1324,9,4,UL,2,3,4,1,2,3,4,1,2,3
1325,9,4,UL,2,3,4,1,2,3,4,1,2,3
1326,9,4,UL,2,3,4,1,2,3,4,1,2,3
1327,9,4,UL,2,3,4,1,2,3,4,1,2,3
1328,9,4,UL,4,1,2,3,4,1,2,3,4,1
1329,9,4,UL,4,1,2,3,4,1,2,3,4,1
1330,9,5,DL,1,2,3,4,1,2,3,4,1,2
1331,9,5,DL,1,2,3,4,1,2,3,4,1,2
1332,9,5,DL,1,2,3,4,1,2,3,4,1,2
1333,9,5,DL,1,2,3,4,1,2,3,4,1,2
1334,9,5,DL,3,4,1,2,3,4,1,2,3,4
1335,9,5,DL,3,4,1,2,3,4,1,2,3,4
1336,9,5,DL,3,4,1,2,3,4,1,2,3,4
1337,9,5,DL,3,4,1,2,3,4,1,2,3,4
1338,9,5,DL,1,2,3,4,1,2,3,4,1,2
1339,9,5,DL,1,2,3,4,1,2,3,4,1,2
1340,9,5,DL,1,2,3,4,1,2,3,4,1,2
1341,9,5,DL,1,2,3,4,1,2,3,4,1,2
1342,9,5,DL,3,4,1,2,3,4,1,2,3,4
1343,9,5,DL,3,4,1,2,3,4,1,2,3,4
1344,9,6,DL,1,3,4,2,0,0,0,0,0,0
1345,9,6,DL,1,3,4,2,0,0,0,0,0,0
1346,9,6,DL,1,3,4,2,0,0,0,0,0,0
1347,9,6,DL,1,3,4,2,0,0,0,0,0,0
1348,9,6,DL,4,3,1,2,0,0,0,0,0,0
1349,9,6,DL,4,3,1,2,0,0,0,0,0,0
1350,9,6,DL,4,3,1,2,0,0,0,0,0,0
1351,9,6,DL,4,3,1,2,0,0,0,0,0,0
1352,9,6,DL,3,2,4,1,0,0,0,0,0,0
1353,9,6,DL,3,2,4,1,0,0,0,0,0,0
1354,9,6,DL,3,2,4,1,0,0,0,0,0,0
1355,9,6,DL,3,2,4,1,0,0,0,0,0,0
1356,9,6,DL,3,3,1,2,4,1,2,4,1,2
1357,9,6,DL,3,3,1,2,4,1,2,4,1,2
1358,9,7,DL,3,4,1,2,3,4,1,2,3,4
1359,9,7,DL,3,4,1,2,3,4,1,2,3,4
1360,9,7,DL,3,4,1,2,3,4,1,2,3,4
1361,9,7,DL,3,4,1,2,3,4,1,2,3,4
1362,9,7,DL,1,2,3,4,1,2,3,4,1,2
1363,9,7,DL,1,2,3,4,1,2,3,4,1,2
1364,9,7,DL,1,2,3,4,1,2,3,4,1,2
1365,9,7,DL,1,2,3,4,1,2,3,4,1,2
1366,9,7,G,0,0,0,0,0,0,0,0,0,0
1367,9,7,G,0,0,0,0,0,0,0,0,0,0
1368,9,7,UL,2,2,3,1,4,0,0,0,0,0
1369,9,7,UL,2,2,3,1,4,0,0,0,0,0
1370,9,7,UL,2,2,3,1,4,0,0,0,0,0
1371,9,7,UL,2,2,3,1,4,0,0,0,0,0
1372,9,8,UL,1,1,2,3,3,4,4,4,4,4
1373,9,8,UL,1,1,2,3,3,4,4,4,4,4
1374,9,8,UL,1,1,2,3,3,4,4,4,4,4
1375,9,8,UL,1,1,2,3,3,4,4,4,4,4
1376,9,8,UL,3,3,1,2,4,1,2,4,1,2
1377,9,8,UL,3,3,1,2,4,1,2,4,1,2
1378,9,8,UL,3,3,1,2,4,1,2,4,1,2
1379,9,8,UL,3,3,1,2,4,1,2,4,1,2
1380,9,8,UL,3,4,1,2,3,4,1,2,3,4
1381,9,8,UL,3,4,1,2,3,4,1,2,3,4
1382,9,8,UL,3,4,1,2,3,4,1,2,3,4
1383,9,8,UL,3,4,1,2,3,4,1,2,3,4
1384,9,8,UL,1,2,3,4,1,2,3,4,1,2
1385,9,8,UL,1,2,3,4,1,2,3,4,1,2
1386,9,9,UL,3,4,1,2,3,4,1,2,3,4
1387,9,9,UL,3,4,1,2,3,4,1,2,3,4
1388,9,9,UL,3,4,1,2,3,4,1,2,3,4
1389,9,9,UL,3,4,1,2,3,4,1,2,3,4
1390,9,9,UL,1,2,3,4,1,2,3,4,1,2
1391,9,9,UL,1,2,3,4,1,2,3,4,1,2
1392,9,9,UL,1,2,3,4,1,2,3,4,1,2
1393,9,9,UL,1,2,3,4,1,2,3,4,1,2
1394,9,9,UL,3,4,1,2,3,4,1,2,3,4
1395,9,9,UL,3,4,1,2,3,4,1,2,3,4
1396,9,9,UL,3,4,1,2,3,4,1,2,3,4
1397,9,9,UL,3,4,1,2,3,4,1,2,3,4
1398,9,9,UL,1,2,3,4,1,2,3,4,1,2
1399,9,9,UL,1,2,3,4,1,2,3,4,1,2
