,Frame,Slot,0,1,2,3,4,5,6,7,8,9
0,0,1,1,2,2,2,1,1,1,1,1,1
1,0,1,1,2,2,2,1,1,1,1,1,1
2,0,1,1,2,2,2,1,1,1,1,1,1
3,0,1,1,2,2,2,1,1,1,1,1,1
4,0,1,4,3,4,3,3,4,4,4,3,4
5,0,1,4,3,4,3,3,4,4,4,3,4
6,0,1,4,3,4,3,3,4,4,4,3,4
7,0,1,4,3,4,3,3,4,4,4,3,4
8,0,1,1,2,2,2,1,2,1,2,2,2
9,0,1,1,2,2,2,1,2,1,2,2,2
10,0,1,1,2,2,2,1,2,1,2,2,2
11,0,1,1,2,2,2,1,2,1,2,2,2
12,0,1,3,3,4,3,3,3,4,4,3,4
13,0,1,3,3,4,3,3,3,4,4,3,4
14,0,2,1,2,4,2,1,1,1,4,1,1
15,0,2,1,2,4,2,1,1,1,4,1,1
16,0,2,1,2,4,2,1,1,1,4,1,1
17,0,2,1,2,4,2,1,1,1,4,1,1
18,0,2,3,3,4,3,3,3,3,4,3,4
19,0,2,3,3,4,3,3,3,3,4,3,4
20,0,2,3,3,4,3,3,3,3,4,3,4
21,0,2,3,3,4,3,3,3,3,4,3,4
22,0,2,0,0,0,0,0,0,0,0,0,0
23,0,2,0,0,0,0,0,0,0,0,0,0
24,0,2,0,0,0,0,0,0,0,0,0,0
25,0,2,0,0,0,0,0,0,0,0,0,0
26,0,2,0,0,0,0,0,0,0,0,0,0
27,0,2,0,0,0,0,0,0,0,0,0,0
28,0,5,1,2,2,2,1,2,1,2,2,2
29,0,5,1,2,2,2,1,2,1,2,2,2
30,0,5,1,2,2,2,1,2,1,2,2,2
31,0,5,1,2,2,2,1,2,1,2,2,2
32,0,5,4,4,4,3,3,4,4,4,3,4
33,0,5,4,4,4,3,3,4,4,4,3,4
34,0,5,4,4,4,3,3,4,4,4,3,4
35,0,5,4,4,4,3,3,4,4,4,3,4
36,0,5,1,2,2,2,1,1,1,1,1,1
37,0,5,1,2,2,2,1,1,1,1,1,1
38,0,5,1,2,2,2,1,1,1,1,1,1
39,0,5,1,2,2,2,1,1,1,1,1,1
40,0,5,3,3,4,3,3,3,4,4,3,4
41,0,5,3,3,4,3,3,3,4,4,3,4
42,0,6,2,2,2,2,2,2,2,4,4,4
43,0,6,2,2,2,2,2,2,2,4,4,4
44,0,6,2,2,2,2,2,2,2,4,4,4
45,0,6,2,2,2,2,2,2,2,4,4,4
46,0,6,3,3,3,3,3,3,3,1,1,1
47,0,6,3,3,3,3,3,3,3,1,1,1
48,0,6,3,3,3,3,3,3,3,1,1,1
49,0,6,3,3,3,3,3,3,3,1,1,1
50,0,6,4,4,4,4,4,4,4,1,1,1
51,0,6,4,4,4,4,4,4,4,1,1,1
52,0,6,4,4,4,4,4,4,4,1,1,1
53,0,6,4,4,4,4,4,4,4,1,1,1
54,0,6,2,2,2,2,2,2,2,3,3,3
55,0,6,2,2,2,2,2,2,2,3,3,3
56,0,7,1,1,1,1,1,1,1,3,3,3
57,0,7,1,1,1,1,1,1,1,3,3,3
58,0,7,1,1,1,1,1,1,1,3,3,3
59,0,7,1,1,1,1,1,1,1,3,3,3
60,0,7,4,4,4,4,4,4,4,2,2,2
61,0,7,4,4,4,4,4,4,4,2,2,2
62,0,7,4,4,4,4,4,4,4,2,2,2
63,0,7,4,4,4,4,4,4,4,2,2,2
64,0,7,0,0,0,0,0,0,0,0,0,0
65,0,7,0,0,0,0,0,0,0,0,0,0
66,0,7,1,1,1,1,1,1,1,2,2,2
67,0,7,1,1,1,1,1,1,1,2,2,2
68,0,7,1,1,1,1,1,1,1,2,2,2
69,0,7,1,1,1,1,1,1,1,2,2,2
70,0,8,3,3,3,3,3,3,3,4,4,4
71,0,8,3,3,3,3,3,3,3,4,4,4
72,0,8,3,3,3,3,3,3,3,4,4,4
73,0,8,3,3,3,3,3,3,3,4,4,4
74,0,8,2,2,2,2,2,2,2,4,4,4
75,0,8,2,2,2,2,2,2,2,4,4,4
76,0,8,2,2,2,2,2,2,2,4,4,4
77,0,8,2,2,2,2,2,2,2,4,4,4
78,0,8,1,1,1,1,1,1,1,3,3,3
79,0,8,1,1,1,1,1,1,1,3,3,3
80,0,8,1,1,1,1,1,1,1,3,3,3
81,0,8,1,1,1,1,1,1,1,3,3,3
82,0,8,4,4,4,4,4,4,4,2,2,2
83,0,8,4,4,4,4,4,4,4,2,2,2
84,0,9,3,3,3,3,3,3,3,2,2,2
85,0,9,3,3,3,3,3,3,3,2,2,2
86,0,9,3,3,3,3,3,3,3,2,2,2
87,0,9,3,3,3,3,3,3,3,2,2,2
88,0,9,1,1,1,1,1,1,1,4,4,4
89,0,9,1,1,1,1,1,1,1,4,4,4
90,0,9,1,1,1,1,1,1,1,4,4,4
91,0,9,1,1,1,1,1,1,1,4,4,4
92,0,9,2,2,2,2,2,2,2,3,3,3
93,0,9,2,2,2,2,2,2,2,3,3,3
94,0,9,2,2,2,2,2,2,2,3,3,3
95,0,9,2,2,2,2,2,2,2,3,3,3
96,0,9,4,4,4,4,4,4,4,1,1,1
97,0,9,4,4,4,4,4,4,4,1,1,1
98,1,0,3,3,3,3,3,3,3,1,1,1
99,1,0,3,3,3,3,3,3,3,1,1,1
100,1,0,3,3,3,3,3,3,3,1,1,1
101,1,0,3,3,3,3,3,3,3,1,1,1
102,1,0,2,2,2,2,2,2,2,4,4,4
103,1,0,2,2,2,2,2,2,2,4,4,4
104,1,0,2,2,2,2,2,2,2,4,4,4
105,1,0,2,2,2,2,2,2,2,4,4,4
106,1,0,1,1,1,1,1,1,1,3,3,3
107,1,0,1,1,1,1,1,1,1,3,3,3
108,1,0,1,1,1,1,1,1,1,3,3,3
109,1,0,1,1,1,1,1,1,1,3,3,3
110,1,0,4,4,4,4,4,4,4,2,2,2
111,1,0,4,4,4,4,4,4,4,2,2,2
112,1,1,3,3,3,3,3,3,3,2,2,2
113,1,1,3,3,3,3,3,3,3,2,2,2
114,1,1,3,3,3,3,3,3,3,2,2,2
115,1,1,3,3,3,3,3,3,3,2,2,2
116,1,1,1,1,1,1,1,1,1,4,4,4
117,1,1,1,1,1,1,1,1,1,4,4,4
118,1,1,1,1,1,1,1,1,1,4,4,4
119,1,1,1,1,1,1,1,1,1,4,4,4
120,1,1,2,2,2,2,2,2,2,3,3,3
121,1,1,2,2,2,2,2,2,2,3,3,3
122,1,1,2,2,2,2,2,2,2,3,3,3
123,1,1,2,2,2,2,2,2,2,3,3,3
124,1,1,4,4,4,4,4,4,4,1,1,1
125,1,1,4,4,4,4,4,4,4,1,1,1
126,1,2,3,3,3,3,3,3,3,1,1,1
127,1,2,3,3,3,3,3,3,3,1,1,1
128,1,2,3,3,3,3,3,3,3,1,1,1
129,1,2,3,3,3,3,3,3,3,1,1,1
130,1,2,2,2,2,2,2,2,2,4,4,4
131,1,2,2,2,2,2,2,2,2,4,4,4
132,1,2,2,2,2,2,2,2,2,4,4,4
133,1,2,2,2,2,2,2,2,2,4,4,4
134,1,2,0,0,0,0,0,0,0,0,0,0
135,1,2,0,0,0,0,0,0,0,0,0,0
136,1,2,3,3,3,3,3,3,3,1,1,1
137,1,2,3,3,3,3,3,3,3,1,1,1
138,1,2,3,3,3,3,3,3,3,1,1,1
139,1,2,3,3,3,3,3,3,3,1,1,1
140,1,3,2,2,2,2,2,2,2,4,4,4
141,1,3,2,2,2,2,2,2,2,4,4,4
142,1,3,2,2,2,2,2,2,2,4,4,4
143,1,3,2,2,2,2,2,2,2,4,4,4
144,1,3,1,1,1,1,1,1,1,3,3,3
145,1,3,1,1,1,1,1,1,1,3,3,3
146,1,3,1,1,1,1,1,1,1,3,3,3
147,1,3,1,1,1,1,1,1,1,3,3,3
148,1,3,4,4,4,4,4,4,4,2,2,2
149,1,3,4,4,4,4,4,4,4,2,2,2
150,1,3,4,4,4,4,4,4,4,2,2,2
151,1,3,4,4,4,4,4,4,4,2,2,2
152,1,3,3,3,3,3,3,3,3,1,1,1
153,1,3,3,3,3,3,3,3,3,1,1,1
154,1,4,2,2,2,2,2,2,2,1,1,1
155,1,4,2,2,2,2,2,2,2,1,1,1
156,1,4,2,2,2,2,2,2,2,1,1,1
157,1,4,2,2,2,2,2,2,2,1,1,1
158,1,4,4,4,4,4,4,4,4,3,3,3
159,1,4,4,4,4,4,4,4,4,3,3,3
160,1,4,4,4,4,4,4,4,4,3,3,3
161,1,4,4,4,4,4,4,4,4,3,3,3
162,1,4,1,1,1,1,1,1,1,2,2,2
163,1,4,1,1,1,1,1,1,1,2,2,2
164,1,4,1,1,1,1,1,1,1,2,2,2
165,1,4,1,1,1,1,1,1,1,2,2,2
166,1,4,3,3,3,3,3,3,3,4,4,4
167,1,4,3,3,3,3,3,3,3,4,4,4
168,1,5,1,1,1,1,1,1,1,3,3,3
169,1,5,1,1,1,1,1,1,1,3,3,3
170,1,5,1,1,1,1,1,1,1,3,3,3
171,1,5,1,1,1,1,1,1,1,3,3,3
172,1,5,4,4,4,4,4,4,4,2,2,2
173,1,5,4,4,4,4,4,4,4,2,2,2
174,1,5,4,4,4,4,4,4,4,2,2,2
175,1,5,4,4,4,4,4,4,4,2,2,2
176,1,5,3,3,3,3,3,3,3,1,1,1
177,1,5,3,3,3,3,3,3,3,1,1,1
178,1,5,3,3,3,3,3,3,3,1,1,1
179,1,5,3,3,3,3,3,3,3,1,1,1
180,1,5,2,2,2,2,2,2,2,4,4,4
181,1,5,2,2,2,2,2,2,2,4,4,4
182,1,6,1,1,1,1,1,1,1,4,4,4
183,1,6,1,1,1,1,1,1,1,4,4,4
184,1,6,1,1,1,1,1,1,1,4,4,4
185,1,6,1,1,1,1,1,1,1,4,4,4
186,1,6,3,3,3,3,3,3,3,2,2,2
187,1,6,3,3,3,3,3,3,3,2,2,2
188,1,6,3,3,3,3,3,3,3,2,2,2
189,1,6,3,3,3,3,3,3,3,2,2,2
190,1,6,4,4,4,4,4,4,4,1,1,1
191,1,6,4,4,4,4,4,4,4,1,1,1
192,1,6,4,4,4,4,4,4,4,1,1,1
193,1,6,4,4,4,4,4,4,4,1,1,1
194,1,6,2,2,2,2,2,2,2,3,3,3
195,1,6,2,2,2,2,2,2,2,3,3,3
196,1,7,1,1,1,1,1,1,1,3,3,3
197,1,7,1,1,1,1,1,1,1,3,3,3
198,1,7,1,1,1,1,1,1,1,3,3,3
199,1,7,1,1,1,1,1,1,1,3,3,3
200,1,7,4,4,4,4,4,4,4,2,2,2
201,1,7,4,4,4,4,4,4,4,2,2,2
202,1,7,4,4,4,4,4,4,4,2,2,2
203,1,7,4,4,4,4,4,4,4,2,2,2
204,1,7,0,0,0,0,0,0,0,0,0,0
205,1,7,0,0,0,0,0,0,0,0,0,0
206,1,7,2,2,2,2,2,2,2,4,4,4
207,1,7,2,2,2,2,2,2,2,4,4,4
208,1,7,2,2,2,2,2,2,2,4,4,4
209,1,7,2,2,2,2,2,2,2,4,4,4
210,1,8,1,1,1,1,1,1,1,3,3,3
211,1,8,1,1,1,1,1,1,1,3,3,3
212,1,8,1,1,1,1,1,1,1,3,3,3
213,1,8,1,1,1,1,1,1,1,3,3,3
214,1,8,4,4,4,4,4,4,4,2,2,2
215,1,8,4,4,4,4,4,4,4,2,2,2
216,1,8,4,4,4,4,4,4,4,2,2,2
217,1,8,4,4,4,4,4,4,4,2,2,2
218,1,8,3,3,3,3,3,3,3,1,1,1
219,1,8,3,3,3,3,3,3,3,1,1,1
220,1,8,3,3,3,3,3,3,3,1,1,1
221,1,8,3,3,3,3,3,3,3,1,1,1
222,1,8,2,2,2,2,2,2,2,4,4,4
223,1,8,2,2,2,2,2,2,2,4,4,4
224,1,9,1,1,1,1,1,1,1,4,4,4
225,1,9,1,1,1,1,1,1,1,4,4,4
226,1,9,1,1,1,1,1,1,1,4,4,4
227,1,9,1,1,1,1,1,1,1,4,4,4
228,1,9,3,3,3,3,3,3,3,2,2,2
229,1,9,3,3,3,3,3,3,3,2,2,2
230,1,9,3,3,3,3,3,3,3,2,2,2
231,1,9,3,3,3,3,3,3,3,2,2,2
232,1,9,4,4,4,4,4,4,4,1,1,1
233,1,9,4,4,4,4,4,4,4,1,1,1
234,1,9,4,4,4,4,4,4,4,1,1,1
235,1,9,4,4,4,4,4,4,4,1,1,1
236,1,9,2,2,2,2,2,2,2,3,3,3
237,1,9,2,2,2,2,2,2,2,3,3,3
238,2,0,3,3,3,3,3,3,3,1,1,1
239,2,0,3,3,3,3,3,3,3,1,1,1
240,2,0,3,3,3,3,3,3,3,1,1,1
241,2,0,3,3,3,3,3,3,3,1,1,1
242,2,0,2,2,2,2,2,2,2,4,4,4
243,2,0,2,2,2,2,2,2,2,4,4,4
244,2,0,2,2,2,2,2,2,2,4,4,4
245,2,0,2,2,2,2,2,2,2,4,4,4
246,2,0,1,1,1,1,1,1,1,3,3,3
247,2,0,1,1,1,1,1,1,1,3,3,3
248,2,0,1,1,1,1,1,1,1,3,3,3
249,2,0,1,1,1,1,1,1,1,3,3,3
250,2,0,4,4,4,4,4,4,4,2,2,2
251,2,0,4,4,4,4,4,4,4,2,2,2
252,2,1,3,3,3,3,3,3,3,2,2,2
253,2,1,3,3,3,3,3,3,3,2,2,2
254,2,1,3,3,3,3,3,3,3,2,2,2
255,2,1,3,3,3,3,3,3,3,2,2,2
256,2,1,1,1,1,1,1,1,1,4,4,4
257,2,1,1,1,1,1,1,1,1,4,4,4
258,2,1,1,1,1,1,1,1,1,4,4,4
259,2,1,1,1,1,1,1,1,1,4,4,4
260,2,1,2,2,2,2,2,2,2,3,3,3
261,2,1,2,2,2,2,2,2,2,3,3,3
262,2,1,2,2,2,2,2,2,2,3,3,3
263,2,1,2,2,2,2,2,2,2,3,3,3
264,2,1,4,4,4,4,4,4,4,1,1,1
265,2,1,4,4,4,4,4,4,4,1,1,1
266,2,2,3,3,3,3,3,3,3,1,1,1
267,2,2,3,3,3,3,3,3,3,1,1,1
268,2,2,3,3,3,3,3,3,3,1,1,1
269,2,2,3,3,3,3,3,3,3,1,1,1
270,2,2,2,2,2,2,2,2,2,4,4,4
271,2,2,2,2,2,2,2,2,2,4,4,4
272,2,2,2,2,2,2,2,2,2,4,4,4
273,2,2,2,2,2,2,2,2,2,4,4,4
274,2,2,0,0,0,0,0,0,0,0,0,0
275,2,2,0,0,0,0,0,0,0,0,0,0
276,2,2,1,1,1,1,1,1,1,3,3,3
277,2,2,1,1,1,1,1,1,1,3,3,3
278,2,2,1,1,1,1,1,1,1,3,3,3
279,2,2,1,1,1,1,1,1,1,3,3,3
280,2,3,4,4,4,4,4,4,4,2,2,2
281,2,3,4,4,4,4,4,4,4,2,2,2
282,2,3,4,4,4,4,4,4,4,2,2,2
283,2,3,4,4,4,4,4,4,4,2,2,2
284,2,3,3,3,3,3,3,3,3,1,1,1
285,2,3,3,3,3,3,3,3,3,1,1,1
286,2,3,3,3,3,3,3,3,3,1,1,1
287,2,3,3,3,3,3,3,3,3,1,1,1
288,2,3,2,2,2,2,2,2,2,4,4,4
289,2,3,2,2,2,2,2,2,2,4,4,4
290,2,3,2,2,2,2,2,2,2,4,4,4
291,2,3,2,2,2,2,2,2,2,4,4,4
292,2,3,1,1,1,1,1,1,1,3,3,3
293,2,3,1,1,1,1,1,1,1,3,3,3
294,2,4,4,4,4,4,4,4,4,3,3,3
295,2,4,4,4,4,4,4,4,4,3,3,3
296,2,4,4,4,4,4,4,4,4,3,3,3
297,2,4,4,4,4,4,4,4,4,3,3,3
298,2,4,2,2,2,2,2,2,2,1,1,1
299,2,4,2,2,2,2,2,2,2,1,1,1
300,2,4,2,2,2,2,2,2,2,1,1,1
301,2,4,2,2,2,2,2,2,2,1,1,1
302,2,4,3,3,3,3,3,3,3,4,4,4
303,2,4,3,3,3,3,3,3,3,4,4,4
304,2,4,3,3,3,3,3,3,3,4,4,4
305,2,4,3,3,3,3,3,3,3,4,4,4
306,2,4,1,1,1,1,1,1,1,2,2,2
307,2,4,1,1,1,1,1,1,1,2,2,2
308,2,5,1,1,1,1,1,1,1,3,3,3
309,2,5,1,1,1,1,1,1,1,3,3,3
310,2,5,1,1,1,1,1,1,1,3,3,3
311,2,5,1,1,1,1,1,1,1,3,3,3
312,2,5,4,4,4,4,4,4,4,2,2,2
313,2,5,4,4,4,4,4,4,4,2,2,2
314,2,5,4,4,4,4,4,4,4,2,2,2
315,2,5,4,4,4,4,4,4,4,2,2,2
316,2,5,3,3,3,3,3,3,3,1,1,1
317,2,5,3,3,3,3,3,3,3,1,1,1
318,2,5,3,3,3,3,3,3,3,1,1,1
319,2,5,3,3,3,3,3,3,3,1,1,1
320,2,5,2,2,2,2,2,2,2,4,4,4
321,2,5,2,2,2,2,2,2,2,4,4,4
322,2,6,1,1,1,1,1,1,1,4,4,4
323,2,6,1,1,1,1,1,1,1,4,4,4
324,2,6,1,1,1,1,1,1,1,4,4,4
325,2,6,1,1,1,1,1,1,1,4,4,4
326,2,6,3,3,3,3,3,3,3,2,2,2
327,2,6,3,3,3,3,3,3,3,2,2,2
328,2,6,3,3,3,3,3,3,3,2,2,2
329,2,6,3,3,3,3,3,3,3,2,2,2
330,2,6,4,4,4,4,4,4,4,1,1,1
331,2,6,4,4,4,4,4,4,4,1,1,1
332,2,6,4,4,4,4,4,4,4,1,1,1
333,2,6,4,4,4,4,4,4,4,1,1,1
334,2,6,2,2,2,2,2,2,2,3,3,3
335,2,6,2,2,2,2,2,2,2,3,3,3
336,2,7,1,1,1,1,1,1,1,3,3,3
337,2,7,1,1,1,1,1,1,1,3,3,3
338,2,7,1,1,1,1,1,1,1,3,3,3
339,2,7,1,1,1,1,1,1,1,3,3,3
340,2,7,4,4,4,4,4,4,4,2,2,2
341,2,7,4,4,4,4,4,4,4,2,2,2
342,2,7,4,4,4,4,4,4,4,2,2,2
343,2,7,4,4,4,4,4,4,4,2,2,2
344,2,7,0,0,0,0,0,0,0,0,0,0
345,2,7,0,0,0,0,0,0,0,0,0,0
346,2,7,4,4,4,4,4,4,4,2,2,2
347,2,7,4,4,4,4,4,4,4,2,2,2
348,2,7,4,4,4,4,4,4,4,2,2,2
349,2,7,4,4,4,4,4,4,4,2,2,2
350,2,8,3,3,3,3,3,3,3,1,1,1
351,2,8,3,3,3,3,3,3,3,1,1,1
352,2,8,3,3,3,3,3,3,3,1,1,1
353,2,8,3,3,3,3,3,3,3,1,1,1
354,2,8,2,2,2,2,2,2,2,4,4,4
355,2,8,2,2,2,2,2,2,2,4,4,4
356,2,8,2,2,2,2,2,2,2,4,4,4
357,2,8,2,2,2,2,2,2,2,4,4,4
358,2,8,1,1,1,1,1,1,1,3,3,3
359,2,8,1,1,1,1,1,1,1,3,3,3
360,2,8,1,1,1,1,1,1,1,3,3,3
361,2,8,1,1,1,1,1,1,1,3,3,3
362,2,8,4,4,4,4,4,4,4,2,2,2
363,2,8,4,4,4,4,4,4,4,2,2,2
364,2,9,3,3,3,3,3,3,3,2,2,2
365,2,9,3,3,3,3,3,3,3,2,2,2
366,2,9,3,3,3,3,3,3,3,2,2,2
367,2,9,3,3,3,3,3,3,3,2,2,2
368,2,9,1,1,1,1,1,1,1,4,4,4
369,2,9,1,1,1,1,1,1,1,4,4,4
370,2,9,1,1,1,1,1,1,1,4,4,4
371,2,9,1,1,1,1,1,1,1,4,4,4
372,2,9,2,2,2,2,2,2,2,3,3,3
373,2,9,2,2,2,2,2,2,2,3,3,3
374,2,9,2,2,2,2,2,2,2,3,3,3
375,2,9,2,2,2,2,2,2,2,3,3,3
376,2,9,4,4,4,4,4,4,4,1,1,1
377,2,9,4,4,4,4,4,4,4,1,1,1
378,3,0,3,3,3,3,3,3,3,1,1,1
379,3,0,3,3,3,3,3,3,3,1,1,1
380,3,0,3,3,3,3,3,3,3,1,1,1
381,3,0,3,3,3,3,3,3,3,1,1,1
382,3,0,2,2,2,2,2,2,2,4,4,4
383,3,0,2,2,2,2,2,2,2,4,4,4
384,3,0,2,2,2,2,2,2,2,4,4,4
385,3,0,2,2,2,2,2,2,2,4,4,4
386,3,0,1,1,1,1,1,1,1,3,3,3
387,3,0,1,1,1,1,1,1,1,3,3,3
388,3,0,1,1,1,1,1,1,1,3,3,3
389,3,0,1,1,1,1,1,1,1,3,3,3
390,3,0,4,4,4,4,4,4,4,2,2,2
391,3,0,4,4,4,4,4,4,4,2,2,2
392,3,1,3,3,3,3,3,3,3,2,2,2
393,3,1,3,3,3,3,3,3,3,2,2,2
394,3,1,3,3,3,3,3,3,3,2,2,2
395,3,1,3,3,3,3,3,3,3,2,2,2
396,3,1,1,1,1,1,1,1,1,4,4,4
397,3,1,1,1,1,1,1,1,1,4,4,4
398,3,1,1,1,1,1,1,1,1,4,4,4
399,3,1,1,1,1,1,1,1,1,4,4,4
400,3,1,2,2,2,2,2,2,2,3,3,3
401,3,1,2,2,2,2,2,2,2,3,3,3
402,3,1,2,2,2,2,2,2,2,3,3,3
403,3,1,2,2,2,2,2,2,2,3,3,3
404,3,1,4,4,4,4,4,4,4,1,1,1
405,3,1,4,4,4,4,4,4,4,1,1,1
406,3,2,3,3,3,3,3,3,3,1,1,1
407,3,2,3,3,3,3,3,3,3,1,1,1
408,3,2,3,3,3,3,3,3,3,1,1,1
409,3,2,3,3,3,3,3,3,3,1,1,1
410,3,2,2,2,2,2,2,2,2,4,4,4
411,3,2,2,2,2,2,2,2,2,4,4,4
412,3,2,2,2,2,2,2,2,2,4,4,4
413,3,2,2,2,2,2,2,2,2,4,4,4
414,3,2,0,0,0,0,0,0,0,0,0,0
415,3,2,0,0,0,0,0,0,0,0,0,0
416,3,2,3,3,3,3,3,3,3,1,1,1
417,3,2,3,3,3,3,3,3,3,1,1,1
418,3,2,3,3,3,3,3,3,3,1,1,1
419,3,2,3,3,3,3,3,3,3,1,1,1
420,3,3,2,2,2,2,2,2,2,4,4,4
421,3,3,2,2,2,2,2,2,2,4,4,4
422,3,3,2,2,2,2,2,2,2,4,4,4
423,3,3,2,2,2,2,2,2,2,4,4,4
424,3,3,1,1,1,1,1,1,1,3,3,3
425,3,3,1,1,1,1,1,1,1,3,3,3
426,3,3,1,1,1,1,1,1,1,3,3,3
427,3,3,1,1,1,1,1,1,1,3,3,3
428,3,3,4,4,4,4,4,4,4,2,2,2
429,3,3,4,4,4,4,4,4,4,2,2,2
430,3,3,4,4,4,4,4,4,4,2,2,2
431,3,3,4,4,4,4,4,4,4,2,2,2
432,3,3,3,3,3,3,3,3,3,1,1,1
433,3,3,3,3,3,3,3,3,3,1,1,1
434,3,4,2,2,2,2,2,2,2,1,1,1
435,3,4,2,2,2,2,2,2,2,1,1,1
436,3,4,2,2,2,2,2,2,2,1,1,1
437,3,4,2,2,2,2,2,2,2,1,1,1
438,3,4,4,4,4,4,4,4,4,3,3,3
439,3,4,4,4,4,4,4,4,4,3,3,3
440,3,4,4,4,4,4,4,4,4,3,3,3
441,3,4,4,4,4,4,4,4,4,3,3,3
442,3,4,1,1,1,1,1,1,1,2,2,2
443,3,4,1,1,1,1,1,1,1,2,2,2
444,3,4,1,1,1,1,1,1,1,2,2,2
445,3,4,1,1,1,1,1,1,1,2,2,2
446,3,4,3,3,3,3,3,3,3,4,4,4
447,3,4,3,3,3,3,3,3,3,4,4,4
448,3,5,1,1,1,1,1,1,1,3,3,3
449,3,5,1,1,1,1,1,1,1,3,3,3
450,3,5,1,1,1,1,1,1,1,3,3,3
451,3,5,1,1,1,1,1,1,1,3,3,3
452,3,5,4,4,4,4,4,4,4,2,2,2
453,3,5,4,4,4,4,4,4,4,2,2,2
454,3,5,4,4,4,4,4,4,4,2,2,2
455,3,5,4,4,4,4,4,4,4,2,2,2
456,3,5,3,3,3,3,3,3,3,1,1,1
457,3,5,3,3,3,3,3,3,3,1,1,1
458,3,5,3,3,3,3,3,3,3,1,1,1
459,3,5,3,3,3,3,3,3,3,1,1,1
460,3,5,2,2,2,2,2,2,2,4,4,4
461,3,5,2,2,2,2,2,2,2,4,4,4
462,3,6,1,1,1,1,1,1,1,4,4,4
463,3,6,1,1,1,1,1,1,1,4,4,4
464,3,6,1,1,1,1,1,1,1,4,4,4
465,3,6,1,1,1,1,1,1,1,4,4,4
466,3,6,3,3,3,3,3,3,3,2,2,2
467,3,6,3,3,3,3,3,3,3,2,2,2
468,3,6,3,3,3,3,3,3,3,2,2,2
469,3,6,3,3,3,3,3,3,3,2,2,2
470,3,6,4,4,4,4,4,4,4,1,1,1
471,3,6,4,4,4,4,4,4,4,1,1,1
472,3,6,4,4,4,4,4,4,4,1,1,1
473,3,6,4,4,4,4,4,4,4,1,1,1
474,3,6,2,2,2,2,2,2,2,3,3,3
475,3,6,2,2,2,2,2,2,2,3,3,3
476,3,7,1,1,1,1,1,1,1,3,3,3
477,3,7,1,1,1,1,1,1,1,3,3,3
478,3,7,1,1,1,1,1,1,1,3,3,3
479,3,7,1,1,1,1,1,1,1,3,3,3
480,3,7,4,4,4,4,4,4,4,2,2,2
481,3,7,4,4,4,4,4,4,4,2,2,2
482,3,7,4,4,4,4,4,4,4,2,2,2
483,3,7,4,4,4,4,4,4,4,2,2,2
484,3,7,0,0,0,0,0,0,0,0,0,0
485,3,7,0,0,0,0,0,0,0,0,0,0
486,3,7,2,2,2,2,2,2,2,4,4,4
487,3,7,2,2,2,2,2,2,2,4,4,4
488,3,7,2,2,2,2,2,2,2,4,4,4
489,3,7,2,2,2,2,2,2,2,4,4,4
490,3,8,1,1,1,1,1,1,1,3,3,3
491,3,8,1,1,1,1,1,1,1,3,3,3
492,3,8,1,1,1,1,1,1,1,3,3,3
493,3,8,1,1,1,1,1,1,1,3,3,3
494,3,8,4,4,4,4,4,4,4,2,2,2
495,3,8,4,4,4,4,4,4,4,2,2,2
496,3,8,4,4,4,4,4,4,4,2,2,2
497,3,8,4,4,4,4,4,4,4,2,2,2
498,3,8,3,3,3,3,3,3,3,1,1,1
499,3,8,3,3,3,3,3,3,3,1,1,1
500,3,8,3,3,3,3,3,3,3,1,1,1
501,3,8,3,3,3,3,3,3,3,1,1,1
502,3,8,2,2,2,2,2,2,2,4,4,4
503,3,8,2,2,2,2,2,2,2,4,4,4
504,3,9,1,1,1,1,1,1,1,4,4,4
505,3,9,1,1,1,1,1,1,1,4,4,4
506,3,9,1,1,1,1,1,1,1,4,4,4
507,3,9,1,1,1,1,1,1,1,4,4,4
508,3,9,3,3,3,3,3,3,3,2,2,2
509,3,9,3,3,3,3,3,3,3,2,2,2
510,3,9,3,3,3,3,3,3,3,2,2,2
511,3,9,3,3,3,3,3,3,3,2,2,2
512,3,9,4,4,4,4,4,4,4,1,1,1
513,3,9,4,4,4,4,4,4,4,1,1,1
514,3,9,4,4,4,4,4,4,4,1,1,1
515,3,9,4,4,4,4,4,4,4,1,1,1
516,3,9,2,2,2,2,2,2,2,3,3,3
517,3,9,2,2,2,2,2,2,2,3,3,3
518,4,0,3,3,3,3,3,3,3,1,1,1
519,4,0,3,3,3,3,3,3,3,1,1,1
520,4,0,3,3,3,3,3,3,3,1,1,1
521,4,0,3,3,3,3,3,3,3,1,1,1
522,4,0,2,2,2,2,2,2,2,4,4,4
523,4,0,2,2,2,2,2,2,2,4,4,4
524,4,0,2,2,2,2,2,2,2,4,4,4
525,4,0,2,2,2,2,2,2,2,4,4,4
526,4,0,1,1,1,1,1,1,1,3,3,3
527,4,0,1,1,1,1,1,1,1,3,3,3
528,4,0,1,1,1,1,1,1,1,3,3,3
529,4,0,1,1,1,1,1,1,1,3,3,3
530,4,0,4,4,4,4,4,4,4,2,2,2
531,4,0,4,4,4,4,4,4,4,2,2,2
532,4,1,3,3,3,3,3,3,3,2,2,2
533,4,1,3,3,3,3,3,3,3,2,2,2
534,4,1,3,3,3,3,3,3,3,2,2,2
535,4,1,3,3,3,3,3,3,3,2,2,2
536,4,1,1,1,1,1,1,1,1,4,4,4
537,4,1,1,1,1,1,1,1,1,4,4,4
538,4,1,1,1,1,1,1,1,1,4,4,4
539,4,1,1,1,1,1,1,1,1,4,4,4
540,4,1,2,2,2,2,2,2,2,3,3,3
541,4,1,2,2,2,2,2,2,2,3,3,3
542,4,1,2,2,2,2,2,2,2,3,3,3
543,4,1,2,2,2,2,2,2,2,3,3,3
544,4,1,4,4,4,4,4,4,4,1,1,1
545,4,1,4,4,4,4,4,4,4,1,1,1
546,4,2,3,3,3,3,3,3,3,1,1,1
547,4,2,3,3,3,3,3,3,3,1,1,1
548,4,2,3,3,3,3,3,3,3,1,1,1
549,4,2,3,3,3,3,3,3,3,1,1,1
550,4,2,2,2,2,2,2,2,2,4,4,4
551,4,2,2,2,2,2,2,2,2,4,4,4
552,4,2,2,2,2,2,2,2,2,4,4,4
553,4,2,2,2,2,2,2,2,2,4,4,4
554,4,2,0,0,0,0,0,0,0,0,0,0
555,4,2,0,0,0,0,0,0,0,0,0,0
556,4,2,1,1,1,1,1,1,1,3,3,3
557,4,2,1,1,1,1,1,1,1,3,3,3
558,4,2,1,1,1,1,1,1,1,3,3,3
559,4,2,1,1,1,1,1,1,1,3,3,3
560,4,3,4,4,4,4,4,4,4,2,2,2
561,4,3,4,4,4,4,4,4,4,2,2,2
562,4,3,4,4,4,4,4,4,4,2,2,2
563,4,3,4,4,4,4,4,4,4,2,2,2
564,4,3,3,3,3,3,3,3,3,1,1,1
565,4,3,3,3,3,3,3,3,3,1,1,1
566,4,3,3,3,3,3,3,3,3,1,1,1
567,4,3,3,3,3,3,3,3,3,1,1,1
568,4,3,2,2,2,2,2,2,2,4,4,4
569,4,3,2,2,2,2,2,2,2,4,4,4
570,4,3,2,2,2,2,2,2,2,4,4,4
571,4,3,2,2,2,2,2,2,2,4,4,4
572,4,3,1,1,1,1,1,1,1,3,3,3
573,4,3,1,1,1,1,1,1,1,3,3,3
574,4,4,4,4,4,4,4,4,4,3,3,3
575,4,4,4,4,4,4,4,4,4,3,3,3
576,4,4,4,4,4,4,4,4,4,3,3,3
577,4,4,4,4,4,4,4,4,4,3,3,3
578,4,4,2,2,2,2,2,2,2,1,1,1
579,4,4,2,2,2,2,2,2,2,1,1,1
580,4,4,2,2,2,2,2,2,2,1,1,1
581,4,4,2,2,2,2,2,2,2,1,1,1
582,4,4,3,3,3,3,3,3,3,4,4,4
583,4,4,3,3,3,3,3,3,3,4,4,4
584,4,4,3,3,3,3,3,3,3,4,4,4
585,4,4,3,3,3,3,3,3,3,4,4,4
586,4,4,1,1,1,1,1,1,1,2,2,2
587,4,4,1,1,1,1,1,1,1,2,2,2
588,4,5,1,1,1,1,1,1,1,3,3,3
589,4,5,1,1,1,1,1,1,1,3,3,3
590,4,5,1,1,1,1,1,1,1,3,3,3
591,4,5,1,1,1,1,1,1,1,3,3,3
592,4,5,4,4,4,4,4,4,4,2,2,2
593,4,5,4,4,4,4,4,4,4,2,2,2
594,4,5,4,4,4,4,4,4,4,2,2,2
595,4,5,4,4,4,4,4,4,4,2,2,2
596,4,5,3,3,3,3,3,3,3,1,1,1
597,4,5,3,3,3,3,3,3,3,1,1,1
598,4,5,3,3,3,3,3,3,3,1,1,1
599,4,5,3,3,3,3,3,3,3,1,1,1
600,4,5,2,2,2,2,2,2,2,4,4,4
601,4,5,2,2,2,2,2,2,2,4,4,4
602,4,6,1,1,1,1,1,1,1,4,4,4
603,4,6,1,1,1,1,1,1,1,4,4,4
604,4,6,1,1,1,1,1,1,1,4,4,4
605,4,6,1,1,1,1,1,1,1,4,4,4
606,4,6,3,3,3,3,3,3,3,2,2,2
607,4,6,3,3,3,3,3,3,3,2,2,2
608,4,6,3,3,3,3,3,3,3,2,2,2
609,4,6,3,3,3,3,3,3,3,2,2,2
610,4,6,4,4,4,4,4,4,4,1,1,1
611,4,6,4,4,4,4,4,4,4,1,1,1
612,4,6,4,4,4,4,4,4,4,1,1,1
613,4,6,4,4,4,4,4,4,4,1,1,1
614,4,6,2,2,2,2,2,2,2,3,3,3
615,4,6,2,2,2,2,2,2,2,3,3,3
616,4,7,1,1,1,1,1,1,1,3,3,3
617,4,7,1,1,1,1,1,1,1,3,3,3
618,4,7,1,1,1,1,1,1,1,3,3,3
619,4,7,1,1,1,1,1,1,1,3,3,3
620,4,7,4,4,4,4,4,4,4,2,2,2
621,4,7,4,4,4,4,4,4,4,2,2,2
622,4,7,4,4,4,4,4,4,4,2,2,2
623,4,7,4,4,4,4,4,4,4,2,2,2
624,4,7,0,0,0,0,0,0,0,0,0,0
625,4,7,0,0,0,0,0,0,0,0,0,0
626,4,7,4,4,4,4,4,4,4,2,2,2
627,4,7,4,4,4,4,4,4,4,2,2,2
628,4,7,4,4,4,4,4,4,4,2,2,2
629,4,7,4,4,4,4,4,4,4,2,2,2
630,4,8,3,3,3,3,3,3,3,1,1,1
631,4,8,3,3,3,3,3,3,3,1,1,1
632,4,8,3,3,3,3,3,3,3,1,1,1
633,4,8,3,3,3,3,3,3,3,1,1,1
634,4,8,2,2,2,2,2,2,2,4,4,4
635,4,8,2,2,2,2,2,2,2,4,4,4
636,4,8,2,2,2,2,2,2,2,4,4,4
637,4,8,2,2,2,2,2,2,2,4,4,4
638,4,8,1,1,1,1,1,1,1,3,3,3
639,4,8,1,1,1,1,1,1,1,3,3,3
640,4,8,1,1,1,1,1,1,1,3,3,3
641,4,8,1,1,1,1,1,1,1,3,3,3
642,4,8,4,4,4,4,4,4,4,2,2,2
643,4,8,4,4,4,4,4,4,4,2,2,2
644,4,9,3,3,3,3,3,3,3,2,2,2
645,4,9,3,3,3,3,3,3,3,2,2,2
646,4,9,3,3,3,3,3,3,3,2,2,2
647,4,9,3,3,3,3,3,3,3,2,2,2
648,4,9,1,1,1,1,1,1,1,4,4,4
649,4,9,1,1,1,1,1,1,1,4,4,4
650,4,9,1,1,1,1,1,1,1,4,4,4
651,4,9,1,1,1,1,1,1,1,4,4,4
652,4,9,2,2,2,2,2,2,2,3,3,3
653,4,9,2,2,2,2,2,2,2,3,3,3
654,4,9,2,2,2,2,2,2,2,3,3,3
655,4,9,2,2,2,2,2,2,2,3,3,3
656,4,9,4,4,4,4,4,4,4,1,1,1
657,4,9,4,4,4,4,4,4,4,1,1,1
658,5,0,3,3,3,3,3,3,3,1,1,1
659,5,0,3,3,3,3,3,3,3,1,1,1
660,5,0,3,3,3,3,3,3,3,1,1,1
661,5,0,3,3,3,3,3,3,3,1,1,1
662,5,0,2,2,2,2,2,2,2,4,4,4
663,5,0,2,2,2,2,2,2,2,4,4,4
664,5,0,2,2,2,2,2,2,2,4,4,4
665,5,0,2,2,2,2,2,2,2,4,4,4
666,5,0,1,1,1,1,1,1,1,3,3,3
667,5,0,1,1,1,1,1,1,1,3,3,3
668,5,0,1,1,1,1,1,1,1,3,3,3
669,5,0,1,1,1,1,1,1,1,3,3,3
670,5,0,4,4,4,4,4,4,4,2,2,2
671,5,0,4,4,4,4,4,4,4,2,2,2
672,5,1,3,3,3,3,3,3,3,2,2,2
673,5,1,3,3,3,3,3,3,3,2,2,2
674,5,1,3,3,3,3,3,3,3,2,2,2
675,5,1,3,3,3,3,3,3,3,2,2,2
676,5,1,1,1,1,1,1,1,1,4,4,4
677,5,1,1,1,1,1,1,1,1,4,4,4
678,5,1,1,1,1,1,1,1,1,4,4,4
679,5,1,1,1,1,1,1,1,1,4,4,4
680,5,1,2,2,2,2,2,2,2,3,3,3
681,5,1,2,2,2,2,2,2,2,3,3,3
682,5,1,2,2,2,2,2,2,2,3,3,3
683,5,1,2,2,2,2,2,2,2,3,3,3
684,5,1,4,4,4,4,4,4,4,1,1,1
685,5,1,4,4,4,4,4,4,4,1,1,1
686,5,2,3,3,3,3,3,3,3,1,1,1
687,5,2,3,3,3,3,3,3,3,1,1,1
688,5,2,3,3,3,3,3,3,3,1,1,1
689,5,2,3,3,3,3,3,3,3,1,1,1
690,5,2,2,2,2,2,2,2,2,4,4,4
691,5,2,2,2,2,2,2,2,2,4,4,4
692,5,2,2,2,2,2,2,2,2,4,4,4
693,5,2,2,2,2,2,2,2,2,4,4,4
694,5,2,0,0,0,0,0,0,0,0,0,0
695,5,2,0,0,0,0,0,0,0,0,0,0
696,5,2,3,3,3,3,3,3,3,1,1,1
697,5,2,3,3,3,3,3,3,3,1,1,1
698,5,2,3,3,3,3,3,3,3,1,1,1
699,5,2,3,3,3,3,3,3,3,1,1,1
700,5,3,2,2,2,2,2,2,2,4,4,4
701,5,3,2,2,2,2,2,2,2,4,4,4
702,5,3,2,2,2,2,2,2,2,4,4,4
703,5,3,2,2,2,2,2,2,2,4,4,4
704,5,3,1,1,1,1,1,1,1,3,3,3
705,5,3,1,1,1,1,1,1,1,3,3,3
706,5,3,1,1,1,1,1,1,1,3,3,3
707,5,3,1,1,1,1,1,1,1,3,3,3
708,5,3,4,4,4,4,4,4,4,2,2,2
709,5,3,4,4,4,4,4,4,4,2,2,2
710,5,3,4,4,4,4,4,4,4,2,2,2
711,5,3,4,4,4,4,4,4,4,2,2,2
712,5,3,3,3,3,3,3,3,3,1,1,1
713,5,3,3,3,3,3,3,3,3,1,1,1
714,5,4,2,2,2,2,2,2,2,1,1,1
715,5,4,2,2,2,2,2,2,2,1,1,1
716,5,4,2,2,2,2,2,2,2,1,1,1
717,5,4,2,2,2,2,2,2,2,1,1,1
718,5,4,4,4,4,4,4,4,4,3,3,3
719,5,4,4,4,4,4,4,4,4,3,3,3
720,5,4,4,4,4,4,4,4,4,3,3,3
721,5,4,4,4,4,4,4,4,4,3,3,3
722,5,4,1,1,1,1,1,1,1,2,2,2
723,5,4,1,1,1,1,1,1,1,2,2,2
724,5,4,1,1,1,1,1,1,1,2,2,2
725,5,4,1,1,1,1,1,1,1,2,2,2
726,5,4,3,3,3,3,3,3,3,4,4,4
727,5,4,3,3,3,3,3,3,3,4,4,4
728,5,5,1,1,1,1,1,1,1,3,3,3
729,5,5,1,1,1,1,1,1,1,3,3,3
730,5,5,1,1,1,1,1,1,1,3,3,3
731,5,5,1,1,1,1,1,1,1,3,3,3
732,5,5,4,4,4,4,4,4,4,2,2,2
733,5,5,4,4,4,4,4,4,4,2,2,2
734,5,5,4,4,4,4,4,4,4,2,2,2
735,5,5,4,4,4,4,4,4,4,2,2,2
736,5,5,3,3,3,3,3,3,3,1,1,1
737,5,5,3,3,3,3,3,3,3,1,1,1
738,5,5,3,3,3,3,3,3,3,1,1,1
739,5,5,3,3,3,3,3,3,3,1,1,1
740,5,5,2,2,2,2,2,2,2,4,4,4
741,5,5,2,2,2,2,2,2,2,4,4,4
742,5,6,1,1,1,1,1,1,1,4,4,4
743,5,6,1,1,1,1,1,1,1,4,4,4
744,5,6,1,1,1,1,1,1,1,4,4,4
745,5,6,1,1,1,1,1,1,1,4,4,4
746,5,6,3,3,3,3,3,3,3,2,2,2
747,5,6,3,3,3,3,3,3,3,2,2,2
748,5,6,3,3,3,3,3,3,3,2,2,2
749,5,6,3,3,3,3,3,3,3,2,2,2
750,5,6,4,4,4,4,4,4,4,1,1,1
751,5,6,4,4,4,4,4,4,4,1,1,1
752,5,6,4,4,4,4,4,4,4,1,1,1
753,5,6,4,4,4,4,4,4,4,1,1,1
754,5,6,2,2,2,2,2,2,2,3,3,3
755,5,6,2,2,2,2,2,2,2,3,3,3
756,5,7,1,1,1,1,1,1,1,3,3,3
757,5,7,1,1,1,1,1,1,1,3,3,3
758,5,7,1,1,1,1,1,1,1,3,3,3
759,5,7,1,1,1,1,1,1,1,3,3,3
760,5,7,4,4,4,4,4,4,4,2,2,2
761,5,7,4,4,4,4,4,4,4,2,2,2
762,5,7,4,4,4,4,4,4,4,2,2,2
763,5,7,4,4,4,4,4,4,4,2,2,2
764,5,7,0,0,0,0,0,0,0,0,0,0
765,5,7,0,0,0,0,0,0,0,0,0,0
766,5,7,2,2,2,2,2,2,2,4,4,4
767,5,7,2,2,2,2,2,2,2,4,4,4
768,5,7,2,2,2,2,2,2,2,4,4,4
769,5,7,2,2,2,2,2,2,2,4,4,4
770,5,8,1,1,1,1,1,1,1,3,3,3
771,5,8,1,1,1,1,1,1,1,3,3,3
772,5,8,1,1,1,1,1,1,1,3,3,3
773,5,8,1,1,1,1,1,1,1,3,3,3
774,5,8,4,4,4,4,4,4,4,2,2,2
775,5,8,4,4,4,4,4,4,4,2,2,2
776,5,8,4,4,4,4,4,4,4,2,2,2
777,5,8,4,4,4,4,4,4,4,2,2,2
778,5,8,3,3,3,3,3,3,3,1,1,1
779,5,8,3,3,3,3,3,3,3,1,1,1
780,5,8,3,3,3,3,3,3,3,1,1,1
781,5,8,3,3,3,3,3,3,3,1,1,1
782,5,8,2,2,2,2,2,2,2,4,4,4
783,5,8,2,2,2,2,2,2,2,4,4,4
784,5,9,1,1,1,1,1,1,1,4,4,4
785,5,9,1,1,1,1,1,1,1,4,4,4
786,5,9,1,1,1,1,1,1,1,4,4,4
787,5,9,1,1,1,1,1,1,1,4,4,4
788,5,9,3,3,3,3,3,3,3,2,2,2
789,5,9,3,3,3,3,3,3,3,2,2,2
790,5,9,3,3,3,3,3,3,3,2,2,2
791,5,9,3,3,3,3,3,3,3,2,2,2
792,5,9,4,4,4,4,4,4,4,1,1,1
793,5,9,4,4,4,4,4,4,4,1,1,1
794,5,9,4,4,4,4,4,4,4,1,1,1
795,5,9,4,4,4,4,4,4,4,1,1,1
796,5,9,2,2,2,2,2,2,2,3,3,3
797,5,9,2,2,2,2,2,2,2,3,3,3
798,6,0,3,3,3,3,3,3,3,1,1,1
799,6,0,3,3,3,3,3,3,3,1,1,1
800,6,0,3,3,3,3,3,3,3,1,1,1
801,6,0,3,3,3,3,3,3,3,1,1,1
802,6,0,2,2,2,2,2,2,2,4,4,4
803,6,0,2,2,2,2,2,2,2,4,4,4
804,6,0,2,2,2,2,2,2,2,4,4,4
805,6,0,2,2,2,2,2,2,2,4,4,4
806,6,0,1,1,1,1,1,1,1,3,3,3
807,6,0,1,1,1,1,1,1,1,3,3,3
808,6,0,1,1,1,1,1,1,1,3,3,3
809,6,0,1,1,1,1,1,1,1,3,3,3
810,6,0,4,4,4,4,4,4,4,2,2,2
811,6,0,4,4,4,4,4,4,4,2,2,2
812,6,1,3,3,3,3,3,3,3,2,2,2
813,6,1,3,3,3,3,3,3,3,2,2,2
814,6,1,3,3,3,3,3,3,3,2,2,2
815,6,1,3,3,3,3,3,3,3,2,2,2
816,6,1,1,1,1,1,1,1,1,4,4,4
817,6,1,1,1,1,1,1,1,1,4,4,4
818,6,1,1,1,1,1,1,1,1,4,4,4
819,6,1,1,1,1,1,1,1,1,4,4,4
820,6,1,2,2,2,2,2,2,2,3,3,3
821,6,1,2,2,2,2,2,2,2,3,3,3
822,6,1,2,2,2,2,2,2,2,3,3,3
823,6,1,2,2,2,2,2,2,2,3,3,3
824,6,1,4,4,4,4,4,4,4,1,1,1
825,6,1,4,4,4,4,4,4,4,1,1,1
826,6,2,3,3,3,3,3,3,3,1,1,1
827,6,2,3,3,3,3,3,3,3,1,1,1
828,6,2,3,3,3,3,3,3,3,1,1,1
829,6,2,3,3,3,3,3,3,3,1,1,1
830,6,2,2,2,2,2,2,2,2,4,4,4
831,6,2,2,2,2,2,2,2,2,4,4,4
832,6,2,2,2,2,2,2,2,2,4,4,4
833,6,2,2,2,2,2,2,2,2,4,4,4
834,6,2,0,0,0,0,0,0,0,0,0,0
835,6,2,0,0,0,0,0,0,0,0,0,0
836,6,2,1,1,1,1,1,1,1,3,3,3
837,6,2,1,1,1,1,1,1,1,3,3,3
838,6,2,1,1,1,1,1,1,1,3,3,3
839,6,2,1,1,1,1,1,1,1,3,3,3
840,6,3,4,4,4,4,4,4,4,2,2,2
841,6,3,4,4,4,4,4,4,4,2,2,2
842,6,3,4,4,4,4,4,4,4,2,2,2
843,6,3,4,4,4,4,4,4,4,2,2,2
844,6,3,3,3,3,3,3,3,3,1,1,1
845,6,3,3,3,3,3,3,3,3,1,1,1
846,6,3,3,3,3,3,3,3,3,1,1,1
847,6,3,3,3,3,3,3,3,3,1,1,1
848,6,3,2,2,2,2,2,2,2,4,4,4
849,6,3,2,2,2,2,2,2,2,4,4,4
850,6,3,2,2,2,2,2,2,2,4,4,4
851,6,3,2,2,2,2,2,2,2,4,4,4
852,6,3,1,1,1,1,1,1,1,3,3,3
853,6,3,1,1,1,1,1,1,1,3,3,3
854,6,4,4,4,4,4,4,4,4,3,3,3
855,6,4,4,4,4,4,4,4,4,3,3,3
856,6,4,4,4,4,4,4,4,4,3,3,3
857,6,4,4,4,4,4,4,4,4,3,3,3
858,6,4,2,2,2,2,2,2,2,1,1,1
859,6,4,2,2,2,2,2,2,2,1,1,1
860,6,4,2,2,2,2,2,2,2,1,1,1
861,6,4,2,2,2,2,2,2,2,1,1,1
862,6,4,3,3,3,3,3,3,3,4,4,4
863,6,4,3,3,3,3,3,3,3,4,4,4
864,6,4,3,3,3,3,3,3,3,4,4,4
865,6,4,3,3,3,3,3,3,3,4,4,4
866,6,4,1,1,1,1,1,1,1,2,2,2
867,6,4,1,1,1,1,1,1,1,2,2,2
868,6,5,1,1,1,1,1,1,1,3,3,3
869,6,5,1,1,1,1,1,1,1,3,3,3
870,6,5,1,1,1,1,1,1,1,3,3,3
871,6,5,1,1,1,1,1,1,1,3,3,3
872,6,5,4,4,4,4,4,4,4,2,2,2
873,6,5,4,4,4,4,4,4,4,2,2,2
874,6,5,4,4,4,4,4,4,4,2,2,2
875,6,5,4,4,4,4,4,4,4,2,2,2
876,6,5,3,3,3,3,3,3,3,1,1,1
877,6,5,3,3,3,3,3,3,3,1,1,1
878,6,5,3,3,3,3,3,3,3,1,1,1
879,6,5,3,3,3,3,3,3,3,1,1,1
880,6,5,2,2,2,2,2,2,2,4,4,4
881,6,5,2,2,2,2,2,2,2,4,4,4
882,6,6,1,1,1,1,1,1,1,4,4,4
883,6,6,1,1,1,1,1,1,1,4,4,4
884,6,6,1,1,1,1,1,1,1,4,4,4
885,6,6,1,1,1,1,1,1,1,4,4,4
886,6,6,3,3,3,3,3,3,3,2,2,2
887,6,6,3,3,3,3,3,3,3,2,2,2
888,6,6,3,3,3,3,3,3,3,2,2,2
889,6,6,3,3,3,3,3,3,3,2,2,2
890,6,6,4,4,4,4,4,4,4,1,1,1
891,6,6,4,4,4,4,4,4,4,1,1,1
892,6,6,4,4,4,4,4,4,4,1,1,1
893,6,6,4,4,4,4,4,4,4,1,1,1
894,6,6,2,2,2,2,2,2,2,3,3,3
895,6,6,2,2,2,2,2,2,2,3,3,3
896,6,7,1,1,1,1,1,1,1,3,3,3
897,6,7,1,1,1,1,1,1,1,3,3,3
898,6,7,1,1,1,1,1,1,1,3,3,3
899,6,7,1,1,1,1,1,1,1,3,3,3
900,6,7,4,4,4,4,4,4,4,2,2,2
901,6,7,4,4,4,4,4,4,4,2,2,2
902,6,7,4,4,4,4,4,4,4,2,2,2
903,6,7,4,4,4,4,4,4,4,2,2,2
904,6,7,0,0,0,0,0,0,0,0,0,0
905,6,7,0,0,0,0,0,0,0,0,0,0
906,6,7,4,4,4,4,4,4,4,2,2,2
907,6,7,4,4,4,4,4,4,4,2,2,2
908,6,7,4,4,4,4,4,4,4,2,2,2
909,6,7,4,4,4,4,4,4,4,2,2,2
910,6,8,3,3,3,3,3,3,3,1,1,1
911,6,8,3,3,3,3,3,3,3,1,1,1
912,6,8,3,3,3,3,3,3,3,1,1,1
913,6,8,3,3,3,3,3,3,3,1,1,1
914,6,8,2,2,2,2,2,2,2,4,4,4
915,6,8,2,2,2,2,2,2,2,4,4,4
916,6,8,2,2,2,2,2,2,2,4,4,4
917,6,8,2,2,2,2,2,2,2,4,4,4
918,6,8,1,1,1,1,1,1,1,3,3,3
919,6,8,1,1,1,1,1,1,1,3,3,3
920,6,8,1,1,1,1,1,1,1,3,3,3
921,6,8,1,1,1,1,1,1,1,3,3,3
922,6,8,4,4,4,4,4,4,4,2,2,2
923,6,8,4,4,4,4,4,4,4,2,2,2
924,6,9,3,3,3,3,3,3,3,2,2,2
925,6,9,3,3,3,3,3,3,3,2,2,2
926,6,9,3,3,3,3,3,3,3,2,2,2
927,6,9,3,3,3,3,3,3,3,2,2,2
928,6,9,1,1,1,1,1,1,1,4,4,4
929,6,9,1,1,1,1,1,1,1,4,4,4
930,6,9,1,1,1,1,1,1,1,4,4,4
931,6,9,1,1,1,1,1,1,1,4,4,4
932,6,9,2,2,2,2,2,2,2,3,3,3
933,6,9,2,2,2,2,2,2,2,3,3,3
934,6,9,2,2,2,2,2,2,2,3,3,3
935,6,9,2,2,2,2,2,2,2,3,3,3
936,6,9,4,4,4,4,4,4,4,1,1,1
937,6,9,4,4,4,4,4,4,4,1,1,1
938,7,0,3,3,3,3,3,3,3,1,1,1
939,7,0,3,3,3,3,3,3,3,1,1,1
940,7,0,3,3,3,3,3,3,3,1,1,1
941,7,0,3,3,3,3,3,3,3,1,1,1
942,7,0,2,2,2,2,2,2,2,4,4,4
943,7,0,2,2,2,2,2,2,2,4,4,4
944,7,0,2,2,2,2,2,2,2,4,4,4
945,7,0,2,2,2,2,2,2,2,4,4,4
946,7,0,1,1,1,1,1,1,1,3,3,3
947,7,0,1,1,1,1,1,1,1,3,3,3
948,7,0,1,1,1,1,1,1,1,3,3,3
949,7,0,1,1,1,1,1,1,1,3,3,3
950,7,0,4,4,4,4,4,4,4,2,2,2
951,7,0,4,4,4,4,4,4,4,2,2,2
952,7,1,3,3,3,3,3,3,3,2,2,2
953,7,1,3,3,3,3,3,3,3,2,2,2
954,7,1,3,3,3,3,3,3,3,2,2,2
955,7,1,3,3,3,3,3,3,3,2,2,2
956,7,1,1,1,1,1,1,1,1,4,4,4
957,7,1,1,1,1,1,1,1,1,4,4,4
958,7,1,1,1,1,1,1,1,1,4,4,4
959,7,1,1,1,1,1,1,1,1,4,4,4
960,7,1,2,2,2,2,2,2,2,3,3,3
961,7,1,2,2,2,2,2,2,2,3,3,3
962,7,1,2,2,2,2,2,2,2,3,3,3
963,7,1,2,2,2,2,2,2,2,3,3,3
964,7,1,4,4,4,4,4,4,4,1,1,1
965,7,1,4,4,4,4,4,4,4,1,1,1
966,7,2,3,3,3,3,3,3,3,1,1,1
967,7,2,3,3,3,3,3,3,3,1,1,1
968,7,2,3,3,3,3,3,3,3,1,1,1
969,7,2,3,3,3,3,3,3,3,1,1,1
970,7,2,2,2,2,2,2,2,2,4,4,4
971,7,2,2,2,2,2,2,2,2,4,4,4
972,7,2,2,2,2,2,2,2,2,4,4,4
973,7,2,2,2,2,2,2,2,2,4,4,4
974,7,2,0,0,0,0,0,0,0,0,0,0
975,7,2,0,0,0,0,0,0,0,0,0,0
976,7,2,3,3,3,3,3,3,3,1,1,1
977,7,2,3,3,3,3,3,3,3,1,1,1
978,7,2,3,3,3,3,3,3,3,1,1,1
979,7,2,3,3,3,3,3,3,3,1,1,1
980,7,3,2,2,2,2,2,2,2,4,4,4
981,7,3,2,2,2,2,2,2,2,4,4,4
982,7,3,2,2,2,2,2,2,2,4,4,4
983,7,3,2,2,2,2,2,2,2,4,4,4
984,7,3,1,1,1,1,1,1,1,3,3,3
985,7,3,1,1,1,1,1,1,1,3,3,3
986,7,3,1,1,1,1,1,1,1,3,3,3
987,7,3,1,1,1,1,1,1,1,3,3,3
988,7,3,4,4,4,4,4,4,4,2,2,2
989,7,3,4,4,4,4,4,4,4,2,2,2
990,7,3,4,4,4,4,4,4,4,2,2,2
991,7,3,4,4,4,4,4,4,4,2,2,2
992,7,3,3,3,3,3,3,3,3,1,1,1
993,7,3,3,3,3,3,3,3,3,1,1,1
994,7,4,2,2,2,2,2,2,2,1,1,1
995,7,4,2,2,2,2,2,2,2,1,1,1
996,7,4,2,2,2,2,2,2,2,1,1,1
997,7,4,2,2,2,2,2,2,2,1,1,1
998,7,4,4,4,4,4,4,4,4,3,3,3
999,7,4,4,4,4,4,4,4,4,3,3,3
1000,7,4,4,4,4,4,4,4,4,3,3,3
1001,7,4,4,4,4,4,4,4,4,3,3,3
1002,7,4,1,1,1,1,1,1,1,2,2,2
1003,7,4,1,1,1,1,1,1,1,2,2,2
1004,7,4,1,1,1,1,1,1,1,2,2,2
1005,7,4,1,1,1,1,1,1,1,2,2,2
1006,7,4,3,3,3,3,3,3,3,4,4,4
1007,7,4,3,3,3,3,3,3,3,4,4,4
1008,7,5,1,1,1,1,1,1,1,3,3,3
1009,7,5,1,1,1,1,1,1,1,3,3,3
1010,7,5,1,1,1,1,1,1,1,3,3,3
1011,7,5,1,1,1,1,1,1,1,3,3,3
1012,7,5,4,4,4,4,4,4,4,2,2,2
1013,7,5,4,4,4,4,4,4,4,2,2,2
1014,7,5,4,4,4,4,4,4,4,2,2,2
1015,7,5,4,4,4,4,4,4,4,2,2,2
1016,7,5,3,3,3,3,3,3,3,1,1,1
1017,7,5,3,3,3,3,3,3,3,1,1,1
1018,7,5,3,3,3,3,3,3,3,1,1,1
1019,7,5,3,3,3,3,3,3,3,1,1,1
1020,7,5,2,2,2,2,2,2,2,4,4,4
1021,7,5,2,2,2,2,2,2,2,4,4,4
1022,7,6,1,1,1,1,1,1,1,4,4,4
1023,7,6,1,1,1,1,1,1,1,4,4,4
1024,7,6,1,1,1,1,1,1,1,4,4,4
1025,7,6,1,1,1,1,1,1,1,4,4,4
1026,7,6,3,3,3,3,3,3,3,2,2,2
1027,7,6,3,3,3,3,3,3,3,2,2,2
1028,7,6,3,3,3,3,3,3,3,2,2,2
1029,7,6,3,3,3,3,3,3,3,2,2,2
1030,7,6,4,4,4,4,4,4,4,1,1,1
1031,7,6,4,4,4,4,4,4,4,1,1,1
1032,7,6,4,4,4,4,4,4,4,1,1,1
1033,7,6,4,4,4,4,4,4,4,1,1,1
1034,7,6,2,2,2,2,2,2,2,3,3,3
1035,7,6,2,2,2,2,2,2,2,3,3,3
1036,7,7,1,1,1,1,1,1,1,3,3,3
1037,7,7,1,1,1,1,1,1,1,3,3,3
1038,7,7,1,1,1,1,1,1,1,3,3,3
1039,7,7,1,1,1,1,1,1,1,3,3,3
1040,7,7,4,4,4,4,4,4,4,2,2,2
1041,7,7,4,4,4,4,4,4,4,2,2,2
1042,7,7,4,4,4,4,4,4,4,2,2,2
1043,7,7,4,4,4,4,4,4,4,2,2,2
1044,7,7,0,0,0,0,0,0,0,0,0,0
1045,7,7,0,0,0,0,0,0,0,0,0,0
1046,7,7,2,2,2,2,2,2,2,4,4,4
1047,7,7,2,2,2,2,2,2,2,4,4,4
1048,7,7,2,2,2,2,2,2,2,4,4,4
1049,7,7,2,2,2,2,2,2,2,4,4,4
1050,7,8,1,1,1,1,1,1,1,3,3,3
1051,7,8,1,1,1,1,1,1,1,3,3,3
1052,7,8,1,1,1,1,1,1,1,3,3,3
1053,7,8,1,1,1,1,1,1,1,3,3,3
1054,7,8,4,4,4,4,4,4,4,2,2,2
1055,7,8,4,4,4,4,4,4,4,2,2,2
1056,7,8,4,4,4,4,4,4,4,2,2,2
1057,7,8,4,4,4,4,4,4,4,2,2,2
1058,7,8,3,3,3,3,3,3,3,1,1,1
1059,7,8,3,3,3,3,3,3,3,1,1,1
1060,7,8,3,3,3,3,3,3,3,1,1,1
1061,7,8,3,3,3,3,3,3,3,1,1,1
1062,7,8,2,2,2,2,2,2,2,4,4,4
1063,7,8,2,2,2,2,2,2,2,4,4,4
1064,7,9,1,1,1,1,1,1,1,4,4,4
1065,7,9,1,1,1,1,1,1,1,4,4,4
1066,7,9,1,1,1,1,1,1,1,4,4,4
1067,7,9,1,1,1,1,1,1,1,4,4,4
1068,7,9,3,3,3,3,3,3,3,2,2,2
1069,7,9,3,3,3,3,3,3,3,2,2,2
1070,7,9,3,3,3,3,3,3,3,2,2,2
1071,7,9,3,3,3,3,3,3,3,2,2,2
1072,7,9,4,4,4,4,4,4,4,1,1,1
1073,7,9,4,4,4,4,4,4,4,1,1,1
1074,7,9,4,4,4,4,4,4,4,1,1,1
1075,7,9,4,4,4,4,4,4,4,1,1,1
1076,7,9,2,2,2,2,2,2,2,3,3,3
1077,7,9,2,2,2,2,2,2,2,3,3,3
1078,8,0,3,3,3,3,3,3,3,1,1,1
1079,8,0,3,3,3,3,3,3,3,1,1,1
1080,8,0,3,3,3,3,3,3,3,1,1,1
1081,8,0,3,3,3,3,3,3,3,1,1,1
1082,8,0,2,2,2,2,2,2,2,4,4,4
1083,8,0,2,2,2,2,2,2,2,4,4,4
1084,8,0,2,2,2,2,2,2,2,4,4,4
1085,8,0,2,2,2,2,2,2,2,4,4,4
1086,8,0,1,1,1,1,1,1,1,3,3,3
1087,8,0,1,1,1,1,1,1,1,3,3,3
1088,8,0,1,1,1,1,1,1,1,3,3,3
1089,8,0,1,1,1,1,1,1,1,3,3,3
1090,8,0,4,4,4,4,4,4,4,2,2,2
1091,8,0,4,4,4,4,4,4,4,2,2,2
1092,8,1,3,3,3,3,3,3,3,2,2,2
1093,8,1,3,3,3,3,3,3,3,2,2,2
1094,8,1,3,3,3,3,3,3,3,2,2,2
1095,8,1,3,3,3,3,3,3,3,2,2,2
1096,8,1,1,1,1,1,1,1,1,4,4,4
1097,8,1,1,1,1,1,1,1,1,4,4,4
1098,8,1,1,1,1,1,1,1,1,4,4,4
1099,8,1,1,1,1,1,1,1,1,4,4,4
1100,8,1,2,2,2,2,2,2,2,3,3,3
1101,8,1,2,2,2,2,2,2,2,3,3,3
1102,8,1,2,2,2,2,2,2,2,3,3,3
1103,8,1,2,2,2,2,2,2,2,3,3,3
1104,8,1,4,4,4,4,4,4,4,1,1,1
1105,8,1,4,4,4,4,4,4,4,1,1,1
1106,8,2,3,3,3,3,3,3,3,1,1,1
1107,8,2,3,3,3,3,3,3,3,1,1,1
1108,8,2,3,3,3,3,3,3,3,1,1,1
1109,8,2,3,3,3,3,3,3,3,1,1,1
1110,8,2,2,2,2,2,2,2,2,4,4,4
1111,8,2,2,2,2,2,2,2,2,4,4,4
1112,8,2,2,2,2,2,2,2,2,4,4,4
1113,8,2,2,2,2,2,2,2,2,4,4,4
1114,8,2,0,0,0,0,0,0,0,0,0,0
1115,8,2,0,0,0,0,0,0,0,0,0,0
1116,8,2,1,1,1,1,1,1,1,3,3,3
1117,8,2,1,1,1,1,1,1,1,3,3,3
1118,8,2,1,1,1,1,1,1,1,3,3,3
1119,8,2,1,1,1,1,1,1,1,3,3,3
1120,8,3,4,4,4,4,4,4,4,2,2,2
1121,8,3,4,4,4,4,4,4,4,2,2,2
1122,8,3,4,4,4,4,4,4,4,2,2,2
1123,8,3,4,4,4,4,4,4,4,2,2,2
1124,8,3,3,3,3,3,3,3,3,1,1,1
1125,8,3,3,3,3,3,3,3,3,1,1,1
1126,8,3,3,3,3,3,3,3,3,1,1,1
1127,8,3,3,3,3,3,3,3,3,1,1,1
1128,8,3,2,2,2,2,2,2,2,4,4,4
1129,8,3,2,2,2,2,2,2,2,4,4,4
1130,8,3,2,2,2,2,2,2,2,4,4,4
1131,8,3,2,2,2,2,2,2,2,4,4,4
1132,8,3,1,1,1,1,1,1,1,3,3,3
1133,8,3,1,1,1,1,1,1,1,3,3,3
1134,8,4,4,4,4,4,4,4,4,3,3,3
1135,8,4,4,4,4,4,4,4,4,3,3,3
1136,8,4,4,4,4,4,4,4,4,3,3,3
1137,8,4,4,4,4,4,4,4,4,3,3,3
1138,8,4,2,2,2,2,2,2,2,1,1,1
1139,8,4,2,2,2,2,2,2,2,1,1,1
1140,8,4,2,2,2,2,2,2,2,1,1,1
1141,8,4,2,2,2,2,2,2,2,1,1,1
1142,8,4,3,3,3,3,3,3,3,4,4,4
1143,8,4,3,3,3,3,3,3,3,4,4,4
1144,8,4,3,3,3,3,3,3,3,4,4,4
1145,8,4,3,3,3,3,3,3,3,4,4,4
1146,8,4,1,1,1,1,1,1,1,2,2,2
1147,8,4,1,1,1,1,1,1,1,2,2,2
1148,8,5,1,1,1,1,1,1,1,3,3,3
1149,8,5,1,1,1,1,1,1,1,3,3,3
1150,8,5,1,1,1,1,1,1,1,3,3,3
1151,8,5,1,1,1,1,1,1,1,3,3,3
1152,8,5,4,4,4,4,4,4,4,2,2,2
1153,8,5,4,4,4,4,4,4,4,2,2,2
1154,8,5,4,4,4,4,4,4,4,2,2,2
1155,8,5,4,4,4,4,4,4,4,2,2,2
1156,8,5,3,3,3,3,3,3,3,1,1,1
1157,8,5,3,3,3,3,3,3,3,1,1,1
1158,8,5,3,3,3,3,3,3,3,1,1,1
1159,8,5,3,3,3,3,3,3,3,1,1,1
1160,8,5,2,2,2,2,2,2,2,4,4,4
1161,8,5,2,2,2,2,2,2,2,4,4,4
1162,8,6,1,1,1,1,1,1,1,4,4,4
1163,8,6,1,1,1,1,1,1,1,4,4,4
1164,8,6,1,1,1,1,1,1,1,4,4,4
1165,8,6,1,1,1,1,1,1,1,4,4,4
1166,8,6,3,3,3,3,3,3,3,2,2,2
1167,8,6,3,3,3,3,3,3,3,2,2,2
1168,8,6,3,3,3,3,3,3,3,2,2,2
1169,8,6,3,3,3,3,3,3,3,2,2,2
1170,8,6,4,4,4,4,4,4,4,1,1,1
1171,8,6,4,4,4,4,4,4,4,1,1,1
1172,8,6,4,4,4,4,4,4,4,1,1,1
1173,8,6,4,4,4,4,4,4,4,1,1,1
1174,8,6,2,2,2,2,2,2,2,3,3,3
1175,8,6,2,2,2,2,2,2,2,3,3,3
1176,8,7,1,1,1,1,1,1,1,3,3,3
1177,8,7,1,1,1,1,1,1,1,3,3,3
1178,8,7,1,1,1,1,1,1,1,3,3,3
1179,8,7,1,1,1,1,1,1,1,3,3,3
1180,8,7,4,4,4,4,4,4,4,2,2,2
1181,8,7,4,4,4,4,4,4,4,2,2,2
1182,8,7,4,4,4,4,4,4,4,2,2,2
1183,8,7,4,4,4,4,4,4,4,2,2,2
1184,8,7,0,0,0,0,0,0,0,0,0,0
1185,8,7,0,0,0,0,0,0,0,0,0,0
1186,8,7,4,4,4,4,4,4,4,2,2,2
1187,8,7,4,4,4,4,4,4,4,2,2,2
1188,8,7,4,4,4,4,4,4,4,2,2,2
1189,8,7,4,4,4,4,4,4,4,2,2,2
1190,8,8,3,3,3,3,3,3,3,1,1,1
1191,8,8,3,3,3,3,3,3,3,1,1,1
1192,8,8,3,3,3,3,3,3,3,1,1,1
1193,8,8,3,3,3,3,3,3,3,1,1,1
1194,8,8,2,2,2,2,2,2,2,4,4,4
1195,8,8,2,2,2,2,2,2,2,4,4,4
1196,8,8,2,2,2,2,2,2,2,4,4,4
1197,8,8,2,2,2,2,2,2,2,4,4,4
1198,8,8,1,1,1,1,1,1,1,3,3,3
1199,8,8,1,1,1,1,1,1,1,3,3,3
1200,8,8,1,1,1,1,1,1,1,3,3,3
1201,8,8,1,1,1,1,1,1,1,3,3,3
1202,8,8,4,4,4,4,4,4,4,2,2,2
1203,8,8,4,4,4,4,4,4,4,2,2,2
1204,8,9,3,3,3,3,3,3,3,2,2,2
1205,8,9,3,3,3,3,3,3,3,2,2,2
1206,8,9,3,3,3,3,3,3,3,2,2,2
1207,8,9,3,3,3,3,3,3,3,2,2,2
1208,8,9,1,1,1,1,1,1,1,4,4,4
1209,8,9,1,1,1,1,1,1,1,4,4,4
1210,8,9,1,1,1,1,1,1,1,4,4,4
1211,8,9,1,1,1,1,1,1,1,4,4,4
1212,8,9,2,2,2,2,2,2,2,3,3,3
1213,8,9,2,2,2,2,2,2,2,3,3,3
1214,8,9,2,2,2,2,2,2,2,3,3,3
1215,8,9,2,2,2,2,2,2,2,3,3,3
1216,8,9,4,4,4,4,4,4,4,1,1,1
1217,8,9,4,4,4,4,4,4,4,1,1,1
1218,9,0,3,3,3,3,3,3,3,1,1,1
1219,9,0,3,3,3,3,3,3,3,1,1,1
1220,9,0,3,3,3,3,3,3,3,1,1,1
1221,9,0,3,3,3,3,3,3,3,1,1,1
1222,9,0,2,2,2,2,2,2,2,4,4,4
1223,9,0,2,2,2,2,2,2,2,4,4,4
1224,9,0,2,2,2,2,2,2,2,4,4,4
1225,9,0,2,2,2,2,2,2,2,4,4,4
1226,9,0,1,1,1,1,1,1,1,3,3,3
1227,9,0,1,1,1,1,1,1,1,3,3,3
1228,9,0,1,1,1,1,1,1,1,3,3,3
1229,9,0,1,1,1,1,1,1,1,3,3,3
1230,9,0,4,4,4,4,4,4,4,2,2,2
1231,9,0,4,4,4,4,4,4,4,2,2,2
1232,9,1,3,3,3,3,3,3,3,2,2,2
1233,9,1,3,3,3,3,3,3,3,2,2,2
1234,9,1,3,3,3,3,3,3,3,2,2,2
1235,9,1,3,3,3,3,3,3,3,2,2,2
1236,9,1,1,1,1,1,1,1,1,4,4,4
1237,9,1,1,1,1,1,1,1,1,4,4,4
1238,9,1,1,1,1,1,1,1,1,4,4,4
1239,9,1,1,1,1,1,1,1,1,4,4,4
1240,9,1,2,2,2,2,2,2,2,3,3,3
1241,9,1,2,2,2,2,2,2,2,3,3,3
1242,9,1,2,2,2,2,2,2,2,3,3,3
1243,9,1,2,2,2,2,2,2,2,3,3,3
1244,9,1,4,4,4,4,4,4,4,1,1,1
1245,9,1,4,4,4,4,4,4,4,1,1,1
1246,9,2,3,3,3,3,3,3,3,1,1,1
1247,9,2,3,3,3,3,3,3,3,1,1,1
1248,9,2,3,3,3,3,3,3,3,1,1,1
1249,9,2,3,3,3,3,3,3,3,1,1,1
1250,9,2,2,2,2,2,2,2,2,4,4,4
1251,9,2,2,2,2,2,2,2,2,4,4,4
1252,9,2,2,2,2,2,2,2,2,4,4,4
1253,9,2,2,2,2,2,2,2,2,4,4,4
1254,9,2,0,0,0,0,0,0,0,0,0,0
1255,9,2,0,0,0,0,0,0,0,0,0,0
1256,9,2,3,3,3,3,3,3,3,1,1,1
1257,9,2,3,3,3,3,3,3,3,1,1,1
1258,9,2,3,3,3,3,3,3,3,1,1,1
1259,9,2,3,3,3,3,3,3,3,1,1,1
1260,9,3,2,2,2,2,2,2,2,4,4,4
1261,9,3,2,2,2,2,2,2,2,4,4,4
1262,9,3,2,2,2,2,2,2,2,4,4,4
1263,9,3,2,2,2,2,2,2,2,4,4,4
1264,9,3,1,1,1,1,1,1,1,3,3,3
1265,9,3,1,1,1,1,1,1,1,3,3,3
1266,9,3,1,1,1,1,1,1,1,3,3,3
1267,9,3,1,1,1,1,1,1,1,3,3,3
1268,9,3,4,4,4,4,4,4,4,2,2,2
1269,9,3,4,4,4,4,4,4,4,2,2,2
1270,9,3,4,4,4,4,4,4,4,2,2,2
1271,9,3,4,4,4,4,4,4,4,2,2,2
1272,9,3,3,3,3,3,3,3,3,1,1,1
1273,9,3,3,3,3,3,3,3,3,1,1,1
1274,9,4,2,2,2,2,2,2,2,1,1,1
1275,9,4,2,2,2,2,2,2,2,1,1,1
1276,9,4,2,2,2,2,2,2,2,1,1,1
1277,9,4,2,2,2,2,2,2,2,1,1,1
1278,9,4,4,4,4,4,4,4,4,3,3,3
1279,9,4,4,4,4,4,4,4,4,3,3,3
1280,9,4,4,4,4,4,4,4,4,3,3,3
1281,9,4,4,4,4,4,4,4,4,3,3,3
1282,9,4,1,1,1,1,1,1,1,2,2,2
1283,9,4,1,1,1,1,1,1,1,2,2,2
1284,9,4,1,1,1,1,1,1,1,2,2,2
1285,9,4,1,1,1,1,1,1,1,2,2,2
1286,9,4,3,3,3,3,3,3,3,4,4,4
1287,9,4,3,3,3,3,3,3,3,4,4,4
1288,9,5,1,1,1,1,1,1,1,3,3,3
1289,9,5,1,1,1,1,1,1,1,3,3,3
1290,9,5,1,1,1,1,1,1,1,3,3,3
1291,9,5,1,1,1,1,1,1,1,3,3,3
1292,9,5,4,4,4,4,4,4,4,2,2,2
1293,9,5,4,4,4,4,4,4,4,2,2,2
1294,9,5,4,4,4,4,4,4,4,2,2,2
1295,9,5,4,4,4,4,4,4,4,2,2,2
1296,9,5,3,3,3,3,3,3,3,1,1,1
1297,9,5,3,3,3,3,3,3,3,1,1,1
1298,9,5,3,3,3,3,3,3,3,1,1,1
1299,9,5,3,3,3,3,3,3,3,1,1,1
1300,9,5,2,2,2,2,2,2,2,4,4,4
1301,9,5,2,2,2,2,2,2,2,4,4,4
1302,9,6,1,1,1,1,1,1,1,4,4,4
1303,9,6,1,1,1,1,1,1,1,4,4,4
1304,9,6,1,1,1,1,1,1,1,4,4,4
1305,9,6,1,1,1,1,1,1,1,4,4,4
1306,9,6,3,3,3,3,3,3,3,2,2,2
1307,9,6,3,3,3,3,3,3,3,2,2,2
1308,9,6,3,3,3,3,3,3,3,2,2,2
1309,9,6,3,3,3,3,3,3,3,2,2,2
1310,9,6,4,4,4,4,4,4,4,1,1,1
1311,9,6,4,4,4,4,4,4,4,1,1,1
1312,9,6,4,4,4,4,4,4,4,1,1,1
1313,9,6,4,4,4,4,4,4,4,1,1,1
1314,9,6,2,2,2,2,2,2,2,3,3,3
1315,9,6,2,2,2,2,2,2,2,3,3,3
1316,9,7,1,1,1,1,1,1,1,3,3,3
1317,9,7,1,1,1,1,1,1,1,3,3,3
1318,9,7,1,1,1,1,1,1,1,3,3,3
1319,9,7,1,1,1,1,1,1,1,3,3,3
1320,9,7,4,4,4,4,4,4,4,2,2,2
1321,9,7,4,4,4,4,4,4,4,2,2,2
1322,9,7,4,4,4,4,4,4,4,2,2,2
1323,9,7,4,4,4,4,4,4,4,2,2,2
1324,9,7,0,0,0,0,0,0,0,0,0,0
1325,9,7,0,0,0,0,0,0,0,0,0,0
1326,9,7,2,2,2,2,2,2,2,4,4,4
1327,9,7,2,2,2,2,2,2,2,4,4,4
1328,9,7,2,2,2,2,2,2,2,4,4,4
1329,9,7,2,2,2,2,2,2,2,4,4,4
1330,9,8,1,1,1,1,1,1,1,3,3,3
1331,9,8,1,1,1,1,1,1,1,3,3,3
1332,9,8,1,1,1,1,1,1,1,3,3,3
1333,9,8,1,1,1,1,1,1,1,3,3,3
1334,9,8,4,4,4,4,4,4,4,2,2,2
1335,9,8,4,4,4,4,4,4,4,2,2,2
1336,9,8,4,4,4,4,4,4,4,2,2,2
1337,9,8,4,4,4,4,4,4,4,2,2,2
1338,9,8,3,3,3,3,3,3,3,1,1,1
1339,9,8,3,3,3,3,3,3,3,1,1,1
1340,9,8,3,3,3,3,3,3,3,1,1,1
1341,9,8,3,3,3,3,3,3,3,1,1,1
1342,9,8,2,2,2,2,2,2,2,4,4,4
1343,9,8,2,2,2,2,2,2,2,4,4,4
1344,9,9,1,1,1,1,1,1,1,4,4,4
1345,9,9,1,1,1,1,1,1,1,4,4,4
1346,9,9,1,1,1,1,1,1,1,4,4,4
1347,9,9,1,1,1,1,1,1,1,4,4,4
1348,9,9,3,3,3,3,3,3,3,2,2,2
1349,9,9,3,3,3,3,3,3,3,2,2,2
1350,9,9,3,3,3,3,3,3,3,2,2,2
1351,9,9,3,3,3,3,3,3,3,2,2,2
1352,9,9,4,4,4,4,4,4,4,1,1,1
1353,9,9,4,4,4,4,4,4,4,1,1,1
1354,9,9,4,4,4,4,4,4,4,1,1,1
1355,9,9,4,4,4,4,4,4,4,1,1,1
1356,9,9,2,2,2,2,2,2,2,3,3,3
1357,9,9,2,2,2,2,2,2,2,3,3,3
